set	map	title	artist	creator	difficulty	rating	bpm	length	notes	holds	audio	preview_time	background	density	status	clan	submitted	updated	plays	combo	source	rates	rates_nln	rates_inv	rates_fln
45393	184232	Cat Loving (kageminori bootleg)	Kashii Moimi feat. KAFU	7xbi	( .zZ ) | Beginner	0.51	220.0	84817	144	0	audio.mp3	20453	bg.jpg	1.9096	2	0	2026-03-23T06:23:02	2026-04-06T05:36:53	843	144		0.44,0.44,0.45,0.46,0.47,0.47,0.48,0.49,0.49,0.50,0.51,0.52,0.53,0.54,0.55,0.57,0.58,0.59,0.61,0.62,0.63,0.65,0.66,0.68,0.70,0.72,0.74,0.77,0.79,0.82,0.85	0.44,0.44,0.45,0.46,0.47,0.47,0.48,0.49,0.49,0.50,0.51,0.52,0.53,0.54,0.55,0.57,0.58,0.59,0.61,0.62,0.63,0.65,0.66,0.68,0.70,0.72,0.74,0.77,0.79,0.82,0.85	0.73,0.74,0.75,0.77,0.78,0.79,0.80,0.81,0.83,0.84,0.86,0.87,0.89,0.91,0.93,0.95,0.97,0.98,1.00,1.02,1.05,1.07,1.09,1.13,1.15,1.19,1.22,1.27,1.30,1.35,1.40	0.73,0.74,0.75,0.77,0.78,0.79,0.80,0.81,0.83,0.84,0.86,0.87,0.89,0.91,0.93,0.95,0.97,0.98,1.00,1.02,1.05,1.07,1.09,1.13,1.15,1.19,1.22,1.27,1.30,1.35,1.40
45393	184227	Cat Loving (kageminori bootleg)	Kashii Moimi feat. KAFU	7xbi	(v . v) | Easy	1.24	220.0	84817	281	0	audio.mp3	20453	bg.jpg	3.4633	2	0	2026-03-23T06:23:02	2026-04-06T05:36:53	1653	281		0.72,0.73,0.75,0.76,0.77,0.79,0.80,0.82,0.95,1.11,1.24,1.37,1.49,1.59,1.73,2.06,2.37,2.53,2.80,3.09,3.30,3.54,3.75,3.94,4.15,4.33,4.58,4.74,4.94,5.07,5.23	0.72,0.73,0.75,0.76,0.77,0.79,0.80,0.82,0.95,1.11,1.24,1.37,1.49,1.59,1.73,2.06,2.37,2.53,2.80,3.09,3.30,3.54,3.75,3.94,4.15,4.33,4.58,4.74,4.94,5.07,5.23	1.17,1.20,1.22,1.23,1.25,1.28,1.30,1.33,1.54,1.80,2.02,2.22,2.42,2.58,2.80,3.35,3.88,4.38,4.55,4.98,5.28,5.61,5.91,6.18,6.48,6.72,7.06,7.27,7.54,7.71,7.93	1.17,1.20,1.22,1.23,1.25,1.28,1.30,1.33,1.54,1.80,2.02,2.22,2.42,2.58,2.80,3.35,3.88,4.38,4.55,4.98,5.28,5.61,5.91,6.18,6.48,6.72,7.06,7.27,7.54,7.71,7.93
45393	184233	Cat Loving (kageminori bootleg)	Kashii Moimi feat. KAFU	7xbi	(u . u) | Normal	4.17	220.0	84817	469	0	audio.mp3	20453	bg.jpg	5.6849	2	0	2026-03-23T06:23:02	2026-04-06T05:36:53	7961	469		0.85,0.85,0.89,1.36,1.77,2.14,2.47,2.77,3.23,3.71,4.17,4.59,4.99,5.33,5.76,6.57,7.40,8.28,9.08,9.81,10.62,11.33,11.98,12.58,13.18,13.73,14.37,15.13,15.84,16.49,17.06	0.85,0.85,0.89,1.36,1.77,2.14,2.47,2.77,3.23,3.71,4.17,4.59,4.99,5.33,5.76,6.57,7.40,8.28,9.08,9.81,10.62,11.33,11.98,12.58,13.18,13.73,14.37,15.13,15.84,16.49,17.06	1.45,1.45,1.52,2.33,3.06,3.71,4.30,4.84,5.62,6.44,7.22,7.92,8.58,9.16,9.88,11.25,12.63,14.05,15.27,16.45,17.59,18.62,19.57,20.47,21.32,22.13,23.09,24.19,25.13,26.28,27.08	1.45,1.45,1.52,2.33,3.06,3.71,4.30,4.84,5.62,6.44,7.22,7.92,8.58,9.16,9.88,11.25,12.63,14.05,15.27,16.45,17.59,18.62,19.57,20.47,21.32,22.13,23.09,24.19,25.13,26.28,27.08
45393	184228	Cat Loving (kageminori bootleg)	Kashii Moimi feat. KAFU	7xbi	(>o . o<) | Advanced	10.61	220.0	84817	695	0	audio.mp3	20453	bg.jpg	8.4243	2	0	2026-03-23T06:23:02	2026-04-06T05:36:53	10922	695		1.73,2.03,2.39,3.50,4.54,5.50,6.32,7.28,8.43,9.57,10.62,11.57,12.49,13.37,14.26,15.34,16.56,17.77,18.61,19.75,20.57,21.75,22.47,23.12,23.98,24.69,25.38,26.15,26.84,27.07,27.57	1.73,2.03,2.39,3.50,4.54,5.50,6.32,7.28,8.43,9.57,10.62,11.57,12.49,13.37,14.26,15.34,16.56,17.77,18.61,19.75,20.57,21.75,22.47,23.12,23.98,24.69,25.38,26.15,26.84,27.07,27.57	2.88,3.25,3.71,5.46,7.08,8.60,9.99,11.56,13.48,15.34,17.08,18.73,20.26,21.73,23.15,25.13,27.22,29.11,30.52,32.17,33.19,34.56,35.54,36.50,37.33,38.57,39.49,40.14,40.90,41.38,42.05	2.88,3.25,3.71,5.46,7.08,8.60,9.99,11.56,13.48,15.34,17.08,18.73,20.26,21.73,23.15,25.13,27.22,29.11,30.52,32.17,33.19,34.56,35.54,36.50,37.33,38.57,39.49,40.14,40.90,41.38,42.05
45393	184234	Cat Loving (kageminori bootleg)	Kashii Moimi feat. KAFU	7xbi	(^-.-^) | Hard	16.96	220.0	84817	845	0	audio.mp3	20453	bg.jpg	10.0923	2	0	2026-03-23T06:23:02	2026-04-06T05:36:53	9274	845		3.31,4.44,5.53,7.22,8.80,10.20,11.43,12.76,14.36,15.77,16.96,18.16,19.44,20.73,21.78,22.80,24.12,25.24,25.97,27.02,27.80,28.85,29.59,30.15,31.01,31.44,32.27,32.97,33.56,33.72,34.29	3.31,4.44,5.53,7.22,8.80,10.20,11.43,12.76,14.36,15.77,16.96,18.16,19.44,20.73,21.78,22.80,24.12,25.24,25.97,27.02,27.80,28.85,29.59,30.15,31.01,31.44,32.27,32.97,33.56,33.72,34.29	5.36,6.78,8.06,10.46,12.63,14.65,16.56,18.62,21.24,23.58,25.71,27.78,29.56,31.94,33.55,35.28,37.06,39.03,39.94,41.38,42.54,43.53,44.32,45.26,45.99,46.64,47.84,48.11,48.68,49.25,49.93	5.36,6.78,8.06,10.46,12.63,14.65,16.56,18.62,21.24,23.58,25.71,27.78,29.56,31.94,33.55,35.28,37.06,39.03,39.94,41.38,42.54,43.53,44.32,45.26,45.99,46.64,47.84,48.11,48.68,49.25,49.93
45393	184231	Cat Loving (kageminori bootleg)	Kashii Moimi feat. KAFU	7xbi	(> . . <) | Hyper	19.62	220.0	84817	954	0	audio.mp3	20453	bg.jpg	11.3942	2	0	2026-03-23T06:23:02	2026-04-06T05:36:53	9431	954		3.67,4.99,6.25,8.15,9.93,11.51,12.94,14.48,16.37,18.16,19.62,20.96,22.33,23.70,24.87,25.96,27.21,28.19,29.05,29.98,30.71,31.86,32.33,33.06,33.69,34.32,35.00,35.61,36.33,36.53,37.02	3.67,4.99,6.25,8.15,9.93,11.51,12.94,14.48,16.37,18.16,19.62,20.96,22.33,23.70,24.87,25.96,27.21,28.19,29.05,29.98,30.71,31.86,32.33,33.06,33.69,34.32,35.00,35.61,36.33,36.53,37.02	5.77,7.41,8.86,11.55,14.01,16.30,18.57,21.03,23.95,26.65,29.13,31.34,33.39,35.87,37.91,39.48,41.55,42.63,43.77,44.90,45.43,46.37,47.24,47.37,48.12,48.50,49.36,49.82,49.91,50.38,50.65	5.77,7.41,8.86,11.55,14.01,16.30,18.57,21.03,23.95,26.65,29.13,31.34,33.39,35.87,37.91,39.48,41.55,42.63,43.77,44.90,45.43,46.37,47.24,47.37,48.12,48.50,49.36,49.82,49.91,50.38,50.65
45393	184237	Cat Loving (kageminori bootleg)	Kashii Moimi feat. KAFU	7xbi	(^ . . ^) | Insane	24.31	220.0	84817	1025	0	audio.mp3	20453	bg.jpg	12.2422	2	0	2026-03-23T06:23:02	2026-04-06T05:36:53	6979	1025		5.90,8.48,10.74,13.08,15.21,17.09,18.65,20.29,21.69,23.21,24.32,25.59,26.81,28.03,28.92,30.01,31.25,32.28,33.00,33.86,34.61,35.71,36.24,36.78,37.59,38.02,38.60,39.25,39.97,40.04,40.48	5.90,8.48,10.74,13.08,15.21,17.09,18.65,20.29,21.69,23.21,24.32,25.59,26.81,28.03,28.92,30.01,31.25,32.28,33.00,33.86,34.61,35.71,36.24,36.78,37.59,38.02,38.60,39.25,39.97,40.04,40.48	9.22,12.39,14.86,17.44,19.65,21.79,23.85,26.06,28.09,30.20,32.03,33.76,35.31,37.40,38.74,40.23,42.20,43.42,44.60,45.86,46.82,47.75,48.96,48.45,49.79,49.92,50.74,51.82,51.95,52.24,52.85	9.22,12.39,14.86,17.44,19.65,21.79,23.85,26.06,28.09,30.20,32.03,33.76,35.31,37.40,38.74,40.23,42.20,43.42,44.60,45.86,46.82,47.75,48.96,48.45,49.79,49.92,50.74,51.82,51.95,52.24,52.85
45393	184236	Cat Loving (kageminori bootleg)	Kashii Moimi feat. KAFU	7xbi	(^- -^) | Another	26.18	220.0	84817	1099	0	audio.mp3	20453	bg.jpg	13.126	2	0	2026-03-23T06:23:02	2026-04-06T05:36:53	3600	1099		5.78,8.30,10.62,13.22,15.62,17.75,19.56,21.49,23.15,24.92,26.18,27.58,28.99,30.28,31.25,32.32,33.46,34.39,35.04,35.78,36.57,37.62,37.97,38.57,39.19,39.60,40.18,40.73,41.44,41.41,41.83	5.78,8.30,10.62,13.22,15.62,17.75,19.56,21.49,23.15,24.92,26.18,27.58,28.99,30.28,31.25,32.32,33.46,34.39,35.04,35.78,36.57,37.62,37.97,38.57,39.19,39.60,40.18,40.73,41.44,41.41,41.83	8.92,11.95,14.42,17.48,20.20,22.72,25.31,28.05,30.46,33.00,35.07,37.03,38.87,40.98,42.51,44.13,45.95,46.78,47.75,48.49,49.24,50.01,50.88,49.93,50.64,50.67,51.33,52.09,51.96,52.30,52.67	8.92,11.95,14.42,17.48,20.20,22.72,25.31,28.05,30.46,33.00,35.07,37.03,38.87,40.98,42.51,44.13,45.95,46.78,47.75,48.49,49.24,50.01,50.88,49.93,50.64,50.67,51.33,52.09,51.96,52.30,52.67
45393	184230	Cat Loving (kageminori bootleg)	Kashii Moimi feat. KAFU	7xbi	(-^. .^-) | Expert	27.27	220.0	84817	1213	0	audio.mp3	20453	bg.jpg	14.4876	2	0	2026-03-23T06:23:02	2026-04-06T05:36:53	2905	1213		5.50,7.93,10.16,13.01,15.67,18.04,20.00,22.09,23.96,25.83,27.27,28.81,30.28,31.59,32.71,33.79,34.91,35.85,36.43,37.20,37.84,38.90,39.24,39.76,40.41,40.82,41.31,41.90,42.57,42.50,42.90	5.50,7.93,10.16,13.01,15.67,18.04,20.00,22.09,23.96,25.83,27.27,28.81,30.28,31.59,32.71,33.79,34.91,35.85,36.43,37.20,37.84,38.90,39.24,39.76,40.41,40.82,41.31,41.90,42.57,42.50,42.90	8.40,11.30,13.68,17.27,20.50,23.55,26.45,29.58,32.32,35.14,37.47,39.78,41.67,43.97,45.72,47.31,49.12,49.90,50.42,50.83,51.09,51.52,52.12,50.32,50.92,50.72,51.06,51.58,51.29,51.37,51.52	8.40,11.30,13.68,17.27,20.50,23.55,26.45,29.58,32.32,35.14,37.47,39.78,41.67,43.97,45.72,47.31,49.12,49.90,50.42,50.83,51.09,51.52,52.12,50.32,50.92,50.72,51.06,51.58,51.29,51.37,51.52
45393	184235	Cat Loving (kageminori bootleg)	Kashii Moimi feat. KAFU	7xbi	(>^ . ^<) | Extra	28.6	220.0	84817	1346	0	audio.mp3	20453	bg.jpg	16.0761	2	0	2026-03-23T06:23:02	2026-04-06T05:36:53	4063	1346		6.30,9.10,11.63,14.55,17.24,19.57,21.50,23.51,25.38,27.28,28.63,30.14,31.58,32.94,34.04,35.02,36.26,37.18,37.67,38.41,39.09,40.14,40.37,40.93,41.50,41.88,42.45,42.94,43.59,43.44,43.81	6.30,9.10,11.63,14.55,17.24,19.57,21.50,23.51,25.38,27.28,28.63,30.14,31.58,32.94,34.04,35.02,36.26,37.18,37.67,38.41,39.09,40.14,40.37,40.93,41.50,41.88,42.45,42.94,43.59,43.44,43.81	9.68,13.05,15.78,19.25,22.32,25.19,28.01,30.88,33.61,36.28,38.48,40.68,42.57,44.76,46.48,47.90,49.83,50.43,50.74,50.93,51.13,51.40,51.79,49.46,50.02,49.81,50.02,50.36,50.01,49.92,50.08	9.68,13.05,15.78,19.25,22.32,25.19,28.01,30.88,33.61,36.28,38.48,40.68,42.57,44.76,46.48,47.90,49.83,50.43,50.74,50.93,51.13,51.40,51.79,49.46,50.02,49.81,50.02,50.36,50.01,49.92,50.08
45393	184229	Cat Loving (kageminori bootleg)	Kashii Moimi feat. KAFU	7xbi	(>^. .^<) | mrrreeeeooowwww~	31.54	220.0	84817	1581	0	audio.mp3	20453	bg.jpg	18.8828	2	0	2026-03-23T06:23:02	2026-04-06T05:36:53	6008	1581		7.75,11.38,14.58,17.65,20.46,22.93,24.90,26.91,28.74,30.44,31.64,33.15,34.49,35.75,36.73,37.72,38.74,39.52,39.89,40.52,41.12,42.01,42.25,42.70,43.23,43.51,44.01,44.41,45.07,44.92,45.20	7.75,11.38,14.58,17.65,20.46,22.93,24.90,26.91,28.74,30.44,31.64,33.15,34.49,35.75,36.73,37.72,38.74,39.52,39.89,40.52,41.12,42.01,42.25,42.70,43.23,43.51,44.01,44.41,45.07,44.92,45.20	11.94,16.29,19.60,22.60,25.14,27.59,30.06,32.60,34.95,37.14,39.04,41.03,42.58,44.44,45.85,47.23,48.71,49.29,49.60,49.88,50.20,50.48,50.89,48.75,49.32,49.01,49.32,49.76,49.44,49.37,49.37	11.94,16.29,19.60,22.60,25.14,27.59,30.06,32.60,34.95,37.14,39.04,41.03,42.58,44.44,45.85,47.23,48.71,49.29,49.60,49.88,50.20,50.48,50.89,48.75,49.32,49.01,49.32,49.76,49.44,49.37,49.37
536	1416	Csikos Post	zetoban	PianoLuigi	Beginner	0.49	185.0	103783	167	0	audio.mp3	0	bg.jpg	1.7396	2	0	2019-07-31T19:35:43	2019-08-06T18:03:39	97156	167		0.42,0.42,0.43,0.44,0.44,0.45,0.46,0.47,0.47,0.48,0.49,0.50,0.51,0.52,0.53,0.55,0.55,0.57,0.58,0.71,0.84,0.96,1.07,1.18,1.29,1.39,1.49,1.59,1.69,1.79,1.89	0.42,0.42,0.43,0.44,0.44,0.45,0.46,0.47,0.47,0.48,0.49,0.50,0.51,0.52,0.53,0.55,0.55,0.57,0.58,0.71,0.84,0.96,1.07,1.18,1.29,1.39,1.49,1.59,1.69,1.79,1.89	0.73,0.74,0.76,0.77,0.78,0.80,0.81,0.82,0.84,0.85,0.86,0.88,0.90,0.92,0.93,0.96,0.97,1.00,1.02,1.26,1.51,1.74,1.96,2.18,2.40,2.60,2.80,3.00,3.20,3.39,3.58	0.73,0.74,0.76,0.77,0.78,0.80,0.81,0.82,0.84,0.85,0.86,0.88,0.90,0.92,0.93,0.96,0.97,1.00,1.02,1.26,1.51,1.74,1.96,2.18,2.40,2.60,2.80,3.00,3.20,3.39,3.58
536	1415	Csikos Post	zetoban	PianoLuigi	Easy	0.8	185.0	105081	277	14	audio.mp3	0	bg.jpg	3.1771	2	0	2019-07-31T19:35:43	2019-08-06T18:03:39	156476	305		0.67,0.68,0.69,0.70,0.71,0.73,0.74,0.75,0.77,0.78,0.80,0.81,0.83,0.85,0.87,0.89,0.91,0.94,0.97,1.14,1.40,1.65,1.90,1.94,2.12,2.30,2.47,2.62,2.78,2.93,3.08	0.64,0.65,0.66,0.67,0.69,0.70,0.71,0.73,0.74,0.75,0.77,0.79,0.80,0.82,0.84,0.86,0.88,0.91,0.93,1.10,1.38,1.63,1.71,1.91,2.09,2.27,2.44,2.60,2.75,2.90,3.05	1.09,1.10,1.12,1.14,1.16,1.18,1.20,1.23,1.25,1.27,1.30,1.37,1.45,1.53,1.63,1.71,1.79,1.88,1.98,2.29,2.72,3.14,3.54,3.65,3.97,4.28,4.57,4.84,5.10,5.35,5.61	1.10,1.12,1.13,1.15,1.17,1.19,1.22,1.24,1.26,1.29,1.31,1.34,1.37,1.40,1.43,1.47,1.51,1.54,1.59,1.88,2.35,2.81,3.21,3.31,3.64,3.95,4.25,4.53,4.80,5.07,5.33
536	1418	Csikos Post	zetoban	PianoLuigi	Normal	3.84	185.0	105081	273	125	audio.mp3	0	bg.jpg	5.4479	2	0	2019-07-31T19:35:43	2019-08-06T18:03:39	587945	523		1.00,1.02,1.03,1.04,1.07,1.50,2.06,2.59,3.03,3.51,3.84,4.33,4.76,4.99,5.26,5.71,5.91,6.15,6.53,6.91,7.23,7.70,8.20,8.77,9.25,9.64,10.02,10.52,10.94,11.32,11.51	0.81,0.82,0.84,0.85,0.87,1.36,1.90,2.42,2.86,3.34,3.67,4.16,4.44,4.83,5.10,5.52,5.73,5.97,6.35,6.72,7.03,7.50,7.99,8.54,9.04,9.41,9.77,10.29,10.68,11.08,11.25	1.36,1.38,1.40,1.43,1.46,2.27,3.22,4.12,4.90,5.70,6.32,7.28,8.29,9.09,9.88,10.88,11.52,12.22,12.99,13.85,14.63,15.51,16.40,17.28,17.95,18.47,19.03,19.69,20.26,20.87,21.07	1.40,1.43,1.45,1.48,1.51,2.40,3.39,4.36,5.18,6.05,6.69,7.56,8.30,8.80,9.28,10.00,10.38,10.84,11.47,12.13,12.72,13.54,14.38,15.27,16.05,16.64,17.23,18.04,18.66,19.23,19.52
536	1417	Csikos Post	zetoban	PianoLuigi	Hard	10.54	185.0	105081	838	54	audio.mp3	0	bg.jpg	9.8543	2	0	2019-07-31T19:35:43	2019-08-06T18:03:39	722775	946		2.81,3.33,3.72,4.12,4.42,5.32,6.46,7.60,8.60,9.59,10.55,12.13,13.72,15.16,16.50,17.99,19.28,20.34,21.64,22.86,23.78,24.79,25.70,26.76,27.74,28.62,29.12,30.05,30.59,31.42,31.69	2.78,3.30,3.69,4.08,4.39,5.28,6.41,7.53,8.51,9.49,10.44,11.99,13.56,14.97,16.29,17.77,19.02,20.07,21.35,22.56,23.45,24.41,25.26,26.29,27.30,28.08,28.58,29.55,29.97,30.86,31.03	4.95,6.01,6.85,7.63,8.23,9.92,11.98,14.02,15.84,17.64,19.33,21.91,24.46,26.80,28.86,31.17,33.15,34.78,36.74,38.59,39.85,41.32,42.66,43.41,44.28,44.78,45.34,45.95,46.36,45.59,45.50	5.17,6.15,6.90,7.62,8.19,9.83,11.83,13.82,15.58,17.31,19.00,21.65,24.17,26.48,28.60,30.97,33.02,34.72,36.52,38.64,39.77,41.46,42.67,43.66,44.44,45.16,45.81,46.40,47.03,46.18,46.22
536	1413	Csikos Post	zetoban	PianoLuigi	Insane	19.06	185.0	105081	1179	85	audio.mp3	0	bg.jpg	12.9982	2	0	2019-07-31T19:35:43	2019-08-06T18:03:39	326923	1349		3.60,5.23,6.49,8.00,9.16,10.67,12.63,14.82,16.24,18.26,19.07,21.31,22.55,24.10,25.09,26.87,27.76,28.49,30.42,31.58,31.80,32.58,33.24,34.83,35.69,36.23,36.08,37.48,37.88,38.70,38.07	3.56,5.19,6.46,7.96,9.13,10.59,12.50,14.64,16.01,18.03,18.82,21.00,22.25,23.75,24.71,26.47,27.33,28.02,29.95,31.07,31.24,32.00,32.66,34.16,35.01,35.50,35.30,36.68,37.10,37.88,37.16	6.23,9.23,11.37,13.67,15.21,17.21,19.78,22.65,24.62,27.53,28.71,31.84,33.46,35.39,36.37,38.57,39.78,40.44,42.69,43.85,44.41,45.18,46.09,47.00,47.56,47.66,47.44,48.54,48.82,48.12,47.30	6.29,8.94,10.75,12.82,14.24,16.27,19.04,22.15,24.10,27.22,28.45,31.92,33.35,35.35,36.42,38.63,40.11,40.82,42.87,44.55,44.73,46.05,46.86,47.91,48.22,48.36,48.38,49.33,49.83,48.90,48.23
536	1414	Csikos Post	zetoban	PianoLuigi	Expert	28.62	185.0	105081	1622	140	audio.mp3	0	bg.jpg	18.3267	2	0	2019-07-31T19:35:43	2019-08-06T18:03:39	215962	1902		7.83,10.86,13.23,15.72,17.90,19.78,21.83,24.35,25.61,27.77,28.65,30.41,31.79,33.07,33.52,35.15,35.77,36.05,37.92,38.53,38.57,39.16,39.53,40.75,41.92,41.92,41.27,43.01,42.94,43.59,42.49	7.55,10.62,13.01,15.53,17.73,19.66,21.75,24.28,25.55,27.72,28.60,30.34,31.71,33.00,33.44,35.07,35.67,35.96,37.84,38.44,38.49,39.08,39.42,40.64,41.81,41.79,41.18,42.90,42.83,43.47,42.36	13.29,18.23,21.53,24.77,27.40,29.51,31.85,35.10,36.53,39.74,40.88,43.43,44.59,45.32,44.84,46.31,46.40,45.83,47.51,47.58,47.04,47.20,47.04,47.60,48.20,47.45,46.93,48.35,48.22,45.97,44.89	13.41,18.34,21.66,24.89,27.46,29.60,31.91,35.11,36.55,39.71,41.12,43.60,44.57,45.26,44.89,46.29,46.62,46.10,47.41,47.80,46.98,47.55,47.31,47.95,48.20,47.68,47.17,48.34,48.43,46.09,45.17
994	12290	Disorder	HyuN feat. Yuri	PianoLuigi	Beginner	0.56	193.0	127760	232	4	audio.mp3	0	bg.jpg	2.6529	2	0	2020-06-04T17:04:24	2020-07-04T20:56:28	111358	240	Quaver	0.47,0.48,0.49,0.50,0.50,0.51,0.52,0.53,0.54,0.55,0.56,0.57,0.58,0.60,0.61,0.62,0.64,0.65,0.79,0.93,1.08,1.20,1.32,1.44,1.55,1.66,1.76,1.87,1.98,2.12,2.27	0.47,0.47,0.48,0.49,0.50,0.51,0.51,0.52,0.53,0.54,0.55,0.56,0.57,0.59,0.60,0.61,0.63,0.64,0.78,0.92,1.07,1.19,1.31,1.43,1.54,1.65,1.75,1.86,1.97,2.10,2.26	0.81,0.83,0.84,0.85,0.87,0.89,0.90,0.91,0.93,0.95,0.97,1.02,1.06,1.11,1.16,1.19,1.24,1.30,1.56,1.79,2.03,2.26,2.48,2.68,2.87,3.07,3.25,3.44,3.62,3.86,4.13	0.81,0.83,0.84,0.85,0.87,0.88,0.90,0.91,0.93,0.95,0.96,0.98,1.00,1.02,1.05,1.07,1.09,1.12,1.36,1.61,1.85,2.07,2.27,2.48,2.67,2.86,3.04,3.23,3.42,3.65,3.91
994	12289	Disorder	HyuN feat. Yuri	PianoLuigi	Easy	2.33	193.0	129470	389	9	audio.mp3	0	bg.jpg	3.6826	2	1	2020-06-04T17:04:24	2020-07-04T20:56:28	186665	407	Quaver	0.69,0.70,0.71,0.72,0.87,1.18,1.44,1.69,1.92,2.13,2.33,2.51,2.68,2.84,2.99,3.13,3.26,3.39,3.63,3.94,4.23,4.67,5.10,5.53,5.91,6.30,6.66,7.01,7.33,7.70,8.08	0.67,0.68,0.70,0.71,0.85,1.16,1.43,1.68,1.91,2.12,2.32,2.50,2.67,2.82,2.97,3.11,3.24,3.37,3.62,3.92,4.21,4.66,5.08,5.51,5.90,6.29,6.65,7.00,7.32,7.68,8.05	1.17,1.18,1.20,1.22,1.51,2.06,2.57,3.03,3.47,3.87,4.26,4.63,4.98,5.32,5.62,5.90,6.17,6.44,6.93,7.50,8.04,8.84,9.58,10.33,11.01,11.69,12.31,12.92,13.47,14.10,14.72	1.17,1.18,1.21,1.22,1.51,2.07,2.57,3.05,3.48,3.88,4.26,4.60,4.92,5.22,5.50,5.76,6.00,6.25,6.70,7.24,7.74,8.51,9.24,9.97,10.63,11.30,11.92,12.52,13.06,13.68,14.32
994	12288	Disorder	HyuN feat. Yuri	PianoLuigi	Normal	3.98	193.0	129470	603	7	audio.mp3	0	bg.jpg	5.0694	2	0	2020-06-04T17:04:24	2020-07-04T20:56:28	383411	617	Quaver	1.00,1.01,1.03,0.88,1.12,1.67,2.17,2.64,3.06,3.47,3.98,4.53,5.06,5.53,5.96,6.39,6.77,7.12,7.65,8.25,8.97,9.70,10.41,11.09,11.71,12.32,12.89,13.44,13.97,14.63,15.23	0.99,1.00,1.02,0.87,1.11,1.66,2.16,2.63,3.05,3.46,3.97,4.52,5.04,5.51,5.94,6.37,6.75,7.10,7.63,8.23,8.95,9.68,10.39,11.08,11.70,12.30,12.88,13.42,13.95,14.61,15.21	1.73,1.76,1.79,1.83,2.00,3.05,4.04,4.95,5.78,6.58,7.54,8.53,9.47,10.34,11.12,11.90,12.58,13.21,14.15,15.25,16.52,17.69,18.81,19.89,20.87,21.81,22.70,23.54,24.34,25.37,26.29	1.73,1.76,1.79,1.83,2.00,3.04,4.02,4.93,5.75,6.55,7.49,8.47,9.41,10.26,11.03,11.81,12.49,13.11,14.06,15.16,16.43,17.61,18.74,19.83,20.82,21.77,22.66,23.51,24.32,25.35,26.28
994	12328	Disorder	HyuN feat. Yuri	PianoLuigi	Milky's Hard	10.65	193.0	129470	1024	19	audio.mp3	0	bg.jpg	8.7034	2	0	2020-06-04T17:04:24	2020-07-04T20:56:28	434203	1062	Quaver	1.33,2.08,2.76,3.38,4.18,5.31,6.38,7.35,8.21,9.08,10.65,12.26,13.82,15.32,16.68,18.00,19.16,20.33,21.56,22.80,24.08,25.28,26.37,27.46,28.54,29.33,30.29,31.32,31.74,32.71,33.34	1.32,2.07,2.75,3.37,4.17,5.29,6.36,7.33,8.18,9.05,10.62,12.22,13.79,15.28,16.65,17.96,19.13,20.30,21.53,22.77,24.06,25.25,26.34,27.43,28.51,29.31,30.29,31.27,31.70,32.68,33.32	2.32,3.55,4.56,5.37,6.53,8.30,9.97,11.52,12.99,14.45,17.04,19.64,22.23,24.61,26.91,29.00,30.90,32.76,34.81,36.97,39.04,40.61,41.81,42.94,44.32,44.99,45.83,46.94,47.21,47.83,48.58	2.29,3.45,4.41,5.18,6.31,8.03,9.65,11.16,12.59,14.02,16.60,19.22,21.84,24.25,26.51,28.66,30.57,32.49,34.51,36.68,38.82,40.43,41.56,42.79,44.26,44.76,45.73,46.84,46.93,47.88,48.52
994	12329	Disorder	HyuN feat. Yuri	PianoLuigi	Milky's Hyper	16.25	193.0	129470	950	190	audio.mp3	0	bg.jpg	10.7898	2	0	2020-06-04T17:04:24	2020-07-04T20:56:28	353844	1330	Quaver	3.73,4.77,5.66,6.45,7.46,8.98,10.55,12.02,13.38,14.62,16.30,18.02,19.66,21.20,22.46,23.79,24.90,26.07,27.17,28.20,29.21,30.21,31.05,31.95,32.75,33.58,34.30,34.91,35.50,36.10,36.63	3.64,4.69,5.58,6.37,7.38,8.90,10.47,11.93,13.28,14.51,16.10,17.74,19.33,20.84,22.09,23.43,24.55,25.75,26.87,27.93,28.98,30.03,30.92,31.87,32.68,33.48,34.16,34.76,35.35,35.94,36.46	6.51,8.45,9.98,11.22,12.92,15.56,18.24,20.75,23.21,25.40,27.88,30.23,32.39,34.28,35.95,37.61,38.99,40.42,41.78,43.23,44.48,45.34,46.06,46.70,47.51,48.23,48.95,49.15,48.39,48.68,49.13	6.58,8.30,9.66,10.80,12.28,14.65,17.06,19.38,21.58,23.59,26.17,28.55,30.79,32.82,34.50,36.29,37.75,39.34,40.77,42.31,43.72,44.69,45.32,46.02,46.85,47.53,48.24,48.33,47.48,48.06,48.39
994	12287	Disorder	HyuN feat. Yuri	PianoLuigi	Insane	21.75	193.0	132734	1294	54	audio.mp3	0	bg.jpg	11.374	2	1	2020-06-04T17:04:24	2020-07-04T20:56:28	210350	1402	Quaver	4.75,6.41,7.82,9.10,10.65,12.67,14.71,16.67,18.44,19.92,21.73,23.43,25.11,26.58,27.89,29.29,30.39,31.52,32.63,33.56,34.55,35.54,36.23,37.16,37.89,38.52,39.36,39.85,40.30,40.79,41.29	4.74,6.40,7.82,9.10,10.64,12.67,14.71,16.67,18.43,19.92,21.73,23.42,25.10,26.57,27.89,29.28,30.38,31.52,32.64,33.57,34.55,35.54,36.22,37.16,37.89,38.52,39.22,39.66,40.10,40.65,41.07	8.47,11.02,12.99,14.63,16.68,19.54,22.46,25.32,28.06,30.26,33.06,35.28,37.34,39.12,40.60,42.20,43.38,44.66,45.85,46.91,47.97,48.70,49.02,49.47,50.09,50.48,51.20,51.09,49.82,50.45,50.86	8.52,11.08,13.06,14.71,16.76,19.65,22.57,25.45,28.20,30.43,33.27,35.49,37.53,39.29,40.80,42.40,43.60,44.92,46.06,47.13,48.23,48.90,49.25,49.65,50.33,50.86,51.55,51.14,50.29,50.57,50.95
994	12278	Disorder	HyuN feat. Yuri	PianoLuigi	Expert	29.05	193.0	132734	1680	63	audio.mp3	0	bg.jpg	14.7258	2	0	2020-06-04T17:04:24	2020-07-04T20:56:28	148192	1806	Quaver	6.84,9.80,12.45,14.77,17.10,19.53,21.85,23.96,25.83,27.53,29.05,30.63,32.12,33.47,34.63,35.80,36.79,37.80,38.75,39.57,40.36,41.19,41.87,42.61,43.24,43.70,44.31,44.95,45.27,45.65,46.12	6.83,9.79,12.45,14.78,17.10,19.53,21.85,23.96,25.82,27.53,29.05,30.62,32.10,33.46,34.61,35.78,36.76,37.78,38.73,39.54,40.33,41.15,41.82,42.57,43.18,43.71,44.35,44.79,45.20,45.58,45.92	11.79,16.07,19.43,22.06,24.63,27.34,29.87,32.46,35.10,37.34,39.55,41.40,43.06,44.51,45.67,46.99,47.94,48.97,49.94,50.74,51.47,51.94,52.08,52.15,52.20,52.40,52.67,51.72,50.10,50.40,50.60	11.83,16.07,19.43,22.04,24.58,27.29,29.85,32.42,35.05,37.31,39.50,41.35,42.96,44.41,45.59,46.88,47.86,48.95,49.85,50.68,51.46,51.84,52.08,51.82,52.42,52.45,52.71,51.76,50.22,49.98,50.55
38343	161003	Fake out	Last Note. feat.mirin	Alyca	Easy	2.42	215.0	98760	312	16	audio.mp3	54179	bg.jpg	3.7639	2	0	2025-01-29T09:20:56	2025-04-07T01:46:29	3816	344	beatmania IIDX 22 PENDUAL	0.75,0.77,0.77,0.94,1.13,1.29,1.44,1.58,1.79,2.12,2.42,2.73,3.01,3.25,3.47,3.86,4.35,4.81,5.40,5.96,6.49,6.99,7.47,7.94,8.37,8.78,9.23,9.83,10.35,10.88,11.33	0.74,0.76,0.77,0.94,1.13,1.29,1.44,1.58,1.80,2.13,2.43,2.74,3.00,3.23,3.46,3.84,4.18,4.75,5.33,5.89,6.41,6.91,7.39,7.85,8.29,8.68,9.14,9.70,10.22,10.76,11.18	1.26,1.28,1.29,1.59,1.88,2.14,2.39,2.62,3.02,3.61,4.16,4.72,5.23,5.66,6.06,6.77,7.66,8.67,9.43,10.30,11.09,11.85,12.56,13.23,13.87,14.47,15.12,15.98,16.73,17.53,18.18	1.31,1.33,1.34,1.64,1.95,2.22,2.48,2.72,3.08,3.63,4.12,4.63,5.07,5.45,5.82,6.50,7.16,8.18,9.12,10.02,10.84,11.63,12.36,13.07,13.75,14.34,15.04,15.92,16.75,17.54,18.21
38343	161004	Fake out	Last Note. feat.mirin	Alyca	Normal	7.24	215.0	98760	593	25	audio.mp3	54179	bg.jpg	7.0086	2	0	2025-01-29T09:20:56	2025-04-07T01:46:29	12878	643	beatmania IIDX 22 PENDUAL	1.51,1.64,1.75,2.30,2.92,3.51,4.06,4.52,5.24,6.26,7.24,8.18,9.05,9.91,10.67,11.79,12.95,14.21,15.27,16.35,17.49,18.41,19.30,20.17,21.05,21.71,22.41,23.18,23.87,24.61,25.24	1.49,1.62,1.73,2.28,2.90,3.49,4.04,4.50,5.22,6.24,7.22,8.16,9.03,9.89,10.65,11.77,12.93,14.20,15.26,16.34,17.48,18.40,19.29,20.15,21.04,21.66,22.39,23.11,23.85,24.59,25.18	2.55,2.75,2.91,3.86,4.95,5.97,6.92,7.72,8.97,10.67,12.28,13.83,15.30,16.71,17.98,19.90,21.94,24.09,25.78,27.26,28.79,30.14,31.27,32.37,33.52,34.18,35.05,35.89,36.76,38.00,38.57	2.52,2.71,2.87,3.85,4.99,6.05,7.05,7.88,9.16,10.88,12.50,14.08,15.53,16.95,18.22,20.10,22.12,24.20,25.73,27.25,28.78,30.09,31.16,32.15,33.29,33.90,34.87,35.56,36.49,37.74,38.13
38343	161274	Fake out	Last Note. feat.mirin	Alyca	Hard	13.65	215.0	98760	831	28	audio.mp3	54179	bg.jpg	9.6682	2	0	2025-01-29T09:20:56	2025-04-07T01:46:29	12696	887	beatmania IIDX 22 PENDUAL	2.74,3.06,3.34,4.29,5.53,6.72,7.81,8.80,10.39,12.04,13.65,15.06,16.41,17.81,18.93,20.20,21.47,22.46,23.63,24.77,25.89,26.77,27.61,28.25,29.09,29.82,30.64,31.33,31.68,32.56,32.86	2.72,3.04,3.32,4.26,5.48,6.67,7.74,8.73,10.30,11.95,13.56,14.98,16.34,17.73,18.86,20.14,21.40,22.39,23.57,24.71,25.82,26.70,27.54,28.17,29.01,29.74,30.55,31.24,31.60,32.47,32.77	5.06,5.68,6.18,7.84,9.94,11.97,13.82,15.52,18.17,20.93,23.53,25.88,28.16,30.29,32.09,34.24,36.15,37.89,39.40,40.72,41.91,42.90,43.68,43.89,44.16,44.87,45.55,46.03,46.42,47.06,47.37	5.01,5.60,6.08,7.78,9.96,12.08,13.99,15.75,18.42,21.18,23.76,26.06,28.19,30.47,32.04,34.26,36.06,37.80,39.29,40.61,41.82,42.78,43.59,43.81,44.12,44.82,45.50,45.97,46.37,46.97,47.28
38343	160936	Fake out	Last Note. feat.mirin	Alyca	Insane	18.47	215.0	98760	960	29	audio.mp3	54179	bg.jpg	11.0961	2	0	2025-01-29T09:20:56	2025-04-07T01:46:29	10453	1018	beatmania IIDX 22 PENDUAL	3.56,4.46,5.26,6.87,8.68,10.41,11.88,13.32,15.13,16.87,18.47,19.84,21.02,22.51,23.59,24.75,25.88,26.97,28.01,28.98,29.93,30.75,31.41,32.21,32.76,33.41,34.17,34.76,35.13,35.74,36.11	3.54,4.45,5.25,6.85,8.65,10.37,11.83,13.26,15.05,16.79,18.40,19.76,20.95,22.43,23.51,24.67,25.79,26.90,27.93,28.94,29.88,30.70,31.36,32.14,32.69,33.33,34.09,34.69,35.03,35.65,36.05	6.19,7.46,8.47,10.86,13.55,16.14,18.56,20.81,23.73,26.46,29.02,31.09,32.92,35.15,36.76,38.74,40.39,42.02,43.28,44.26,45.27,46.04,46.66,47.49,47.19,47.77,48.38,48.72,49.17,49.63,49.87	6.17,7.45,8.46,10.91,13.68,16.34,18.80,21.09,24.02,26.77,29.11,31.22,32.98,35.25,36.78,38.74,40.26,41.97,43.13,44.09,45.08,45.90,46.46,47.24,46.93,47.48,48.09,48.42,48.84,49.30,49.47
38343	161273	Fake out	Last Note. feat.mirin	Alyca	Another	27.24	215.0	98760	1229	29	audio.mp3	54179	bg.jpg	14.0282	2	1	2025-01-29T09:20:56	2025-04-07T01:46:29	3599	1287	beatmania IIDX 22 PENDUAL	5.95,8.47,10.69,13.38,15.91,18.25,20.32,22.14,24.25,25.75,27.24,28.58,29.93,31.30,32.28,33.56,34.41,35.32,36.40,37.21,37.95,38.72,39.27,39.93,40.43,41.02,41.47,42.09,42.26,42.71,43.05	5.93,8.45,10.68,13.35,15.86,18.19,20.25,22.04,24.14,25.65,27.13,28.48,29.85,31.21,32.20,33.48,34.34,35.26,36.35,37.16,37.91,38.67,39.22,39.87,40.37,40.95,41.40,42.01,42.19,42.65,42.98	9.63,12.82,15.27,18.44,21.48,24.43,27.26,29.92,32.88,35.04,36.96,39.00,40.88,42.70,44.07,45.76,47.00,48.27,49.50,50.03,50.84,51.52,51.86,51.88,51.38,51.71,52.25,52.36,52.57,52.89,52.98	9.61,12.79,15.22,18.46,21.51,24.49,27.32,29.97,32.93,35.10,36.98,38.94,40.69,42.64,43.96,45.71,46.78,48.11,49.31,49.85,50.62,51.33,51.67,51.63,51.09,51.40,51.90,52.01,52.17,52.45,52.57
38343	160879	Fake out	Last Note. feat.mirin	Alyca	Fake out	31.15	215.0	98760	1535	29	audio.mp3	54179	bg.jpg	17.3635	2	0	2025-01-29T09:20:56	2025-04-07T01:46:29	2094	1593	beatmania IIDX 22 PENDUAL	7.33,10.47,13.19,16.25,19.02,21.66,23.86,25.92,28.06,29.71,31.17,32.60,33.97,35.39,36.38,37.59,38.48,39.30,40.19,41.10,41.76,42.47,42.98,43.58,44.06,44.48,44.96,45.35,45.62,46.10,46.27	7.32,10.46,13.19,16.23,18.99,21.61,23.79,25.84,27.98,29.61,31.07,32.51,33.89,35.32,36.32,37.54,38.42,39.25,40.15,41.05,41.72,42.43,42.94,43.51,44.01,44.41,44.89,45.28,45.56,46.02,46.22	11.60,15.47,18.34,21.75,24.82,27.74,30.76,33.46,36.19,38.55,40.54,42.41,44.18,45.94,47.32,48.78,49.99,51.13,51.70,52.25,52.62,52.96,53.13,52.06,51.02,51.02,51.35,51.37,51.32,51.50,51.38	11.54,15.39,18.23,21.70,24.79,27.73,30.80,33.49,36.36,38.69,40.58,42.45,44.20,45.97,47.32,48.85,50.08,51.18,51.66,52.28,52.64,53.02,53.20,52.15,51.09,51.07,51.43,51.44,51.44,51.60,51.51
923	10932	Fantasy Collision	Plum	PianoLuigi	Beginner	0.41	180.0	145323	183	0	audio.mp3	0	bg.jpg	1.7824	2	0	2020-05-06T19:46:43	2020-05-19T01:39:53	89023	183	Quaver	0.36,0.36,0.37,0.37,0.38,0.38,0.39,0.39,0.40,0.41,0.41,0.42,0.43,0.44,0.45,0.46,0.47,0.48,0.49,0.50,0.51,0.53,0.54,0.55,0.57,0.59,0.61,0.63,0.65,0.67,0.70	0.36,0.36,0.37,0.37,0.38,0.38,0.39,0.39,0.40,0.41,0.41,0.42,0.43,0.44,0.45,0.46,0.47,0.48,0.49,0.50,0.51,0.53,0.54,0.55,0.57,0.59,0.61,0.63,0.65,0.67,0.70	0.61,0.61,0.63,0.64,0.64,0.66,0.66,0.68,0.69,0.70,0.71,0.72,0.73,0.75,0.76,0.78,0.80,0.81,0.83,0.86,0.87,0.89,0.92,0.94,0.97,1.00,1.03,1.07,1.11,1.14,1.19	0.61,0.61,0.63,0.64,0.64,0.66,0.66,0.68,0.69,0.70,0.71,0.72,0.73,0.75,0.76,0.78,0.80,0.81,0.83,0.86,0.87,0.89,0.92,0.94,0.97,1.00,1.03,1.07,1.11,1.14,1.19
923	10931	Fantasy Collision	Plum	PianoLuigi	Easy	1.48	180.0	145323	424	0	audio.mp3	0	bg.jpg	3.2449	2	0	2020-05-06T19:46:43	2020-05-19T01:39:53	162247	424	Quaver	0.66,0.67,0.68,0.69,0.71,0.79,0.95,1.11,1.24,1.36,1.48,1.60,1.80,2.00,2.19,2.37,2.55,2.72,2.88,3.03,3.37,3.62,3.97,4.32,4.66,4.98,5.28,5.57,5.86,6.11,6.35	0.66,0.67,0.68,0.69,0.71,0.79,0.95,1.11,1.24,1.36,1.48,1.60,1.80,2.00,2.19,2.37,2.55,2.72,2.88,3.03,3.37,3.62,3.97,4.32,4.66,4.98,5.28,5.57,5.86,6.11,6.35	1.13,1.15,1.17,1.19,1.21,1.37,1.67,1.94,2.18,2.41,2.63,2.85,3.19,3.53,3.86,4.17,4.48,4.77,5.05,5.31,5.91,6.57,6.95,7.55,8.07,8.59,9.05,9.51,9.95,10.34,10.70	1.13,1.15,1.17,1.19,1.21,1.37,1.67,1.94,2.18,2.41,2.63,2.85,3.19,3.53,3.86,4.17,4.48,4.77,5.05,5.31,5.91,6.57,6.95,7.55,8.07,8.59,9.05,9.51,9.95,10.34,10.70
923	10933	Fantasy Collision	Plum	PianoLuigi	Normal	3.35	180.0	146656	676	1	audio.mp3	0	bg.jpg	4.8894	2	0	2020-05-06T19:46:43	2020-05-19T01:39:53	400197	678	Quaver	0.97,1.01,1.09,1.16,1.06,1.31,1.77,2.22,2.63,3.01,3.35,3.70,4.25,4.84,5.40,5.95,6.46,6.96,7.42,7.87,8.67,9.48,10.35,11.19,12.01,12.82,13.58,14.34,15.07,15.79,16.44	0.97,1.02,1.10,1.17,1.06,1.31,1.77,2.22,2.63,3.01,3.35,3.70,4.25,4.84,5.40,5.95,6.46,6.96,7.42,7.87,8.66,9.47,10.34,11.19,12.01,12.81,13.56,14.34,15.07,15.79,16.41	1.67,1.74,1.85,1.94,2.02,2.14,2.93,3.69,4.39,5.05,5.64,6.24,7.16,8.15,9.09,10.01,10.86,11.67,12.45,13.20,14.54,15.88,17.35,18.70,19.88,21.07,22.16,23.25,24.28,25.31,26.24	1.68,1.75,1.86,1.96,1.73,2.14,2.93,3.69,4.39,5.05,5.65,6.25,7.17,8.16,9.10,10.01,10.87,11.69,12.46,13.20,14.54,15.90,17.36,18.70,19.90,21.07,22.16,23.28,24.31,25.36,26.23
923	10930	Fantasy Collision	Plum	PianoLuigi	Hard	11.9	180.0	146573	1030	5	audio.mp3	0	bg.jpg	7.26	2	1	2020-05-06T19:46:43	2020-05-19T01:39:53	612058	1040	Quaver	2.84,3.57,4.38,5.11,5.75,6.50,7.62,8.80,9.95,10.94,11.90,12.80,13.85,14.92,15.93,16.88,17.85,18.77,19.61,20.45,21.40,22.31,23.17,24.11,24.93,25.69,26.45,27.25,27.82,28.61,29.13	2.83,3.57,4.38,5.11,5.75,6.50,7.62,8.80,9.94,10.94,11.89,12.80,13.85,14.92,15.93,16.88,17.85,18.77,19.61,20.45,21.39,22.30,23.17,24.11,24.93,25.68,26.45,27.25,27.81,28.60,29.13	5.16,6.48,7.80,8.89,9.80,10.88,12.56,14.32,16.05,17.64,19.17,20.65,22.27,23.80,25.17,26.49,27.79,29.04,30.13,31.26,32.57,33.79,35.04,36.13,37.05,37.94,38.81,39.83,40.59,41.48,41.62	5.17,6.48,7.80,8.88,9.78,10.85,12.54,14.32,16.02,17.63,19.16,20.64,22.24,23.77,25.15,26.47,27.79,28.99,30.11,31.21,32.51,33.77,34.99,36.09,37.06,37.88,38.79,39.79,40.59,41.48,41.61
22852	102223	Houkago Mermaid (Cut Ver.)	Shigure Ui	Ainer	Easy	1.55	164.0	87637	294	39	audio.mp3	57454	bg.jpg	4.364	2	0	2022-11-13T21:02:51	2023-06-11T09:02:03	4070	372	The rain doesn't stop yet.	0.90,0.91,0.93,0.95,0.97,0.98,1.01,1.16,1.31,1.45,1.56,1.68,1.79,1.69,1.84,2.01,2.13,2.29,2.40,2.51,2.63,2.77,2.90,3.40,4.02,4.57,5.17,5.70,6.26,6.76,7.19	0.84,0.85,0.87,0.89,0.91,0.92,0.94,1.10,1.25,1.38,1.50,1.63,1.54,1.63,1.78,1.95,2.07,2.23,2.34,2.46,2.57,2.71,2.83,3.32,3.92,4.44,5.02,5.54,6.05,6.53,6.95	1.42,1.44,1.46,1.50,1.53,1.54,1.58,1.86,2.15,2.38,2.59,2.80,3.00,3.02,3.47,3.96,4.36,4.82,5.19,5.54,5.87,6.27,6.62,7.59,8.70,9.66,10.70,11.54,12.38,13.17,13.82	1.45,1.48,1.50,1.53,1.56,1.58,1.62,1.91,2.19,2.44,2.65,2.87,2.75,2.92,3.17,3.47,3.68,3.95,4.15,4.34,4.54,4.78,5.00,5.86,6.89,7.81,8.81,9.66,10.51,11.31,12.00
22852	102226	Houkago Mermaid (Cut Ver.)	Shigure Ui	Ainer	Normal	3.79	164.0	87637	396	87	audio.mp3	57454	bg.jpg	6.6868	2	0	2022-11-13T21:02:51	2023-06-11T09:02:03	10292	570	The rain doesn't stop yet.	1.02,1.02,1.09,1.21,1.31,1.39,1.50,2.12,2.74,3.33,3.80,4.36,4.72,5.51,6.20,7.06,7.73,8.43,9.12,9.57,10.07,10.71,11.07,11.95,12.86,13.69,14.64,15.57,16.34,16.99,17.62	0.88,0.88,0.95,1.08,1.19,1.27,1.37,1.94,2.50,3.03,3.45,3.96,4.29,5.03,5.67,6.52,7.20,7.91,8.62,9.12,9.65,10.31,10.71,11.62,12.54,13.38,14.34,15.30,16.10,16.78,17.40	1.51,1.52,1.79,2.17,2.45,2.64,2.85,3.75,4.59,5.37,5.96,6.83,7.37,8.61,9.53,11.02,11.99,13.09,14.31,15.13,15.83,17.03,17.56,19.33,20.66,21.86,23.31,24.20,25.16,26.02,26.61	1.55,1.55,1.65,1.83,1.97,2.04,2.17,3.15,4.11,5.03,5.77,6.68,7.28,8.53,9.63,11.06,12.21,13.39,14.61,15.44,16.33,17.44,18.12,19.69,21.24,22.69,24.34,25.65,26.85,27.77,28.53
22852	102224	Houkago Mermaid (Cut Ver.)	Shigure Ui	Ainer	Hard	11.19	164.0	87637	640	82	audio.mp3	57454	bg.jpg	9.4319	2	0	2022-11-13T21:02:51	2023-06-11T09:02:03	14932	804	The rain doesn't stop yet.	1.83,2.17,2.82,3.62,4.34,4.98,5.64,7.06,8.53,9.93,11.19,12.43,13.54,14.95,16.21,17.54,18.63,19.80,20.61,21.45,22.33,23.08,24.05,24.82,25.88,26.25,27.12,28.00,28.39,29.07,29.52	1.76,2.11,2.76,3.56,4.28,4.92,5.57,6.91,8.29,9.61,10.80,11.96,12.99,14.31,15.61,16.88,17.89,19.11,19.87,20.76,21.61,22.44,23.39,24.12,25.21,25.60,26.47,27.40,27.73,28.38,28.85	3.19,3.84,5.19,6.61,7.81,8.78,9.69,11.62,13.60,15.47,17.18,18.93,20.52,22.50,24.59,26.41,27.93,29.62,30.91,32.12,33.21,34.49,35.73,36.75,38.35,39.18,40.36,41.10,41.55,42.14,42.58	3.06,3.67,4.79,6.02,7.03,7.87,8.69,10.74,12.85,14.88,16.69,18.58,20.27,22.40,24.48,26.44,28.00,29.64,30.95,32.21,33.53,34.48,35.62,37.19,38.43,39.33,40.54,41.05,41.72,42.44,42.56
22852	102225	Houkago Mermaid (Cut Ver.)	Shigure Ui	Ainer	Insane	16.6	164.0	87637	540	312	audio.mp3	57454	bg.jpg	13.6551	2	0	2022-11-13T21:02:51	2023-06-11T09:02:03	10735	1164	The rain doesn't stop yet.	2.73,3.25,4.60,6.14,7.53,8.76,9.92,11.73,13.60,15.24,16.69,18.15,19.41,21.02,22.42,23.84,25.16,26.37,27.21,28.22,29.08,29.72,30.77,31.41,32.24,32.68,33.47,34.25,34.54,34.89,35.46	2.24,2.65,3.86,5.34,6.71,7.94,9.11,10.73,12.43,13.91,15.28,16.60,17.75,19.11,20.36,21.75,22.84,24.11,24.91,25.95,26.91,27.51,28.72,29.37,30.20,30.72,31.57,32.52,32.65,33.25,33.70	4.13,4.94,7.02,9.21,11.00,12.42,13.68,15.46,17.31,18.97,20.62,22.39,23.84,25.81,27.92,29.95,31.63,33.08,34.28,35.57,36.59,37.62,39.12,39.87,41.14,41.72,42.73,43.52,43.40,43.76,44.26	4.01,4.77,6.78,8.92,10.69,12.10,13.34,15.47,17.63,19.47,21.25,23.20,24.81,26.73,28.72,30.61,32.47,34.00,35.42,36.95,38.26,39.20,40.51,41.84,42.83,43.87,45.07,45.42,45.68,45.96,46.29
6019	42324	Itadaki	CHUBAY	MarioUniverseZ	Easy	1.37	202.0	116918	375	22	audio.mp3	45631	bg.jpg	4.0362	2	0	2021-04-11T14:43:33	2021-09-11T10:01:56	5912	419	Taiko No Tatsujin Blue Ver.	0.76,0.77,0.78,0.81,0.89,0.99,1.07,1.17,1.23,1.32,1.37,1.45,1.49,1.56,1.60,1.68,1.73,1.90,2.30,2.72,3.05,3.49,3.77,4.10,4.51,4.82,5.00,5.52,5.90,6.32,6.67	0.73,0.74,0.75,0.78,0.86,0.95,1.04,1.14,1.20,1.29,1.34,1.42,1.46,1.53,1.57,1.64,1.70,1.87,2.26,2.68,3.00,3.43,3.71,4.04,4.44,4.75,4.92,5.44,5.80,6.22,6.57	1.26,1.29,1.31,1.34,1.49,1.64,1.78,1.94,2.04,2.21,2.35,2.53,2.66,2.82,2.94,3.11,3.24,3.66,4.39,5.16,5.77,6.53,7.07,7.68,8.39,8.95,9.28,10.15,10.77,11.47,12.06	1.25,1.28,1.30,1.34,1.49,1.64,1.80,1.96,2.07,2.21,2.29,2.43,2.50,2.62,2.70,2.82,2.92,3.27,3.96,4.69,5.27,6.01,6.51,7.09,7.78,8.33,8.64,9.51,10.14,10.85,11.44
6019	42327	Itadaki	CHUBAY	MarioUniverseZ	Normal	6.62	202.0	117067	708	14	audio.mp3	45631	bg.jpg	6.5989	2	1	2021-04-11T14:43:33	2021-09-11T10:01:56	19329	736	Taiko No Tatsujin Blue Ver.	1.00,1.12,1.23,1.35,2.14,2.92,3.64,4.29,4.89,5.74,6.62,7.44,8.20,8.94,9.60,10.24,10.87,11.71,12.67,13.64,14.64,15.50,16.39,17.19,17.95,18.66,19.30,20.08,20.79,21.55,22.13	0.98,1.11,1.22,1.34,2.12,2.90,3.61,4.26,4.86,5.71,6.59,7.41,8.16,8.90,9.56,10.20,10.82,11.66,12.62,13.58,14.59,15.45,16.33,17.13,17.89,18.59,19.24,20.01,20.71,21.48,22.06	1.71,1.89,2.02,2.20,3.62,5.04,6.33,7.54,8.62,10.11,11.63,13.07,14.35,15.59,16.74,17.84,18.95,20.38,22.02,23.64,25.18,26.47,27.82,29.06,30.17,31.21,31.93,33.16,34.12,35.10,35.95	1.72,1.90,2.03,2.21,3.62,5.03,6.31,7.50,8.58,10.08,11.62,13.05,14.36,15.61,16.77,17.84,18.98,20.40,22.04,23.65,25.21,26.49,27.83,29.04,30.15,31.18,31.94,33.14,34.10,35.18,35.97
6019	42325	Itadaki	CHUBAY	MarioUniverseZ	Hard	15.23	202.0	117067	1111	18	audio.mp3	45631	bg.jpg	10.0562	2	1	2021-04-11T14:43:33	2021-09-11T10:01:56	33021	1147	Taiko No Tatsujin Blue Ver.	3.66,4.43,5.08,5.72,7.06,8.48,9.80,11.03,12.15,13.69,15.23,16.84,18.30,19.76,20.99,22.33,23.32,24.54,25.59,26.49,27.52,28.43,29.35,30.21,30.96,31.60,32.22,32.80,33.37,34.05,34.19	3.65,4.42,5.08,5.72,7.05,8.47,9.80,11.03,12.15,13.68,15.21,16.83,18.28,19.74,20.97,22.30,23.30,24.53,25.57,26.47,27.51,28.40,29.32,30.19,30.92,31.58,32.19,32.77,33.33,34.02,34.14	6.64,7.96,9.05,10.07,12.28,14.63,16.78,18.85,20.75,23.29,25.70,28.18,30.33,32.49,34.28,36.11,37.62,39.39,41.12,42.21,43.21,44.03,44.64,45.51,46.08,46.74,45.85,46.61,46.65,46.92,47.07	6.64,7.94,9.03,10.04,12.27,14.62,16.79,18.88,20.76,23.30,25.72,28.21,30.37,32.52,34.37,36.20,37.63,39.57,41.23,42.31,43.30,44.16,44.78,45.57,46.24,46.93,45.95,46.71,46.74,47.00,47.16
6019	42326	Itadaki	CHUBAY	MarioUniverseZ	Insane	22.14	202.0	117067	1390	28	audio.mp3	45631	bg.jpg	12.6776	2	0	2021-04-11T14:43:33	2021-09-11T10:01:56	14171	1446	Taiko No Tatsujin Blue Ver.	4.92,6.66,8.18,9.57,11.58,13.63,15.42,17.13,18.67,20.44,22.14,23.87,25.45,26.95,28.17,29.30,30.29,31.32,32.40,33.31,34.35,35.02,35.85,36.66,37.40,38.05,38.55,39.13,39.59,40.25,40.26	4.91,6.65,8.17,9.56,11.55,13.59,15.36,17.05,18.58,20.34,22.02,23.74,25.32,26.81,28.04,29.19,30.17,31.20,32.29,33.17,34.22,34.87,35.72,36.51,37.26,37.92,38.41,38.97,39.42,40.10,40.11	8.63,11.17,13.19,14.84,17.55,20.31,22.69,25.23,27.53,30.22,32.62,34.90,36.80,38.47,39.85,41.13,42.36,43.72,45.06,46.13,46.90,47.12,47.64,48.25,48.87,49.36,48.02,48.59,48.64,48.79,48.82	8.60,11.14,13.15,14.83,17.60,20.42,22.84,25.41,27.74,30.42,32.81,35.09,36.92,38.54,39.99,41.25,42.49,44.00,45.23,46.34,47.12,47.38,47.88,48.57,49.15,49.67,48.51,48.98,49.13,49.18,49.26
6019	42328	Itadaki	CHUBAY	MarioUniverseZ	Reaching the Top	26.19	202.0	117067	1474	122	audio.mp3	45631	bg.jpg	15.0624	2	0	2021-04-11T14:43:33	2021-09-11T10:01:56	6843	1718	Taiko No Tatsujin Blue Ver.	6.51,8.87,10.93,12.80,15.08,17.31,19.25,21.10,22.75,24.55,26.19,27.77,29.19,30.53,31.43,32.59,33.41,34.35,35.40,36.15,37.04,37.50,38.21,39.08,39.74,40.33,40.80,41.33,41.69,42.42,42.30	6.27,8.58,10.62,12.47,14.70,16.89,18.79,20.58,22.18,23.93,25.56,27.15,28.66,30.05,31.01,32.14,33.03,33.98,35.10,35.85,36.82,37.29,38.03,38.89,39.58,40.16,40.63,41.17,41.49,42.22,42.09	10.49,13.59,16.01,18.01,20.71,23.30,25.49,28.06,30.28,32.84,34.95,36.67,38.28,39.69,41.03,42.19,43.41,44.47,45.66,46.54,47.02,47.43,47.72,48.40,48.89,49.25,48.08,48.64,48.75,49.01,48.98	10.70,13.90,16.42,18.49,21.25,23.90,26.15,28.75,30.99,33.52,35.58,37.43,39.08,40.57,41.82,43.02,44.35,45.49,46.90,47.69,48.28,48.66,48.98,49.56,50.17,50.57,49.24,49.78,49.82,49.99,50.07
2304	18985	Kani*Do-Luck! (TV Size)	Aiurabu	PlayerZero	Easy	1.67	210.0	58695	186	8	audio.mp3	0	bg.jpg	4.0515	2	0	2020-07-29T06:17:03	2020-10-20T21:19:55	27135	202	AIURA	0.71,0.73,0.74,0.75,0.77,0.78,0.79,0.81,0.87,1.27,1.67,2.07,2.44,2.79,3.13,3.44,3.89,4.23,4.70,5.15,5.60,5.99,6.39,6.72,7.02,7.31,7.60,8.03,8.40,8.80,9.17	0.68,0.70,0.70,0.72,0.73,0.74,0.76,0.77,0.83,1.24,1.65,2.04,2.41,2.77,3.10,3.41,3.86,4.21,4.68,5.13,5.57,5.97,6.36,6.70,7.00,7.28,7.58,8.00,8.37,8.78,9.15	1.18,1.20,1.22,1.24,1.27,1.28,1.31,1.33,1.43,2.08,2.73,3.38,3.98,4.55,5.09,5.60,6.36,7.12,7.73,8.30,8.84,9.28,9.73,10.09,10.40,10.68,10.98,11.52,11.95,12.46,12.91	1.18,1.20,1.22,1.24,1.26,1.28,1.31,1.33,1.43,2.08,2.73,3.38,3.98,4.55,5.09,5.60,6.38,7.15,7.79,8.38,8.93,9.40,9.86,10.24,10.55,10.84,11.16,11.69,12.13,12.66,13.11
2304	18984	Kani*Do-Luck! (TV Size)	Aiurabu	PlayerZero	Normal	7.13	210.0	58837	374	12	audio.mp3	0	bg.jpg	7.2933	2	0	2020-07-29T06:17:03	2020-10-20T21:19:55	47773	398	AIURA	0.89,0.89,0.89,1.28,1.99,2.64,3.18,3.71,4.38,5.80,7.13,8.46,9.62,10.79,11.86,12.83,13.81,14.93,15.96,17.05,17.95,18.80,19.64,20.49,21.25,21.89,22.48,23.21,23.86,24.55,25.08	0.86,0.86,0.86,1.27,1.98,2.62,3.16,3.69,4.36,5.78,7.11,8.45,9.60,10.77,11.85,12.82,13.79,14.91,15.95,17.03,17.94,18.78,19.62,20.47,21.23,21.88,22.47,23.19,23.84,24.52,25.05	1.51,1.50,1.51,2.27,3.61,4.83,5.86,6.87,8.10,10.51,12.74,15.01,16.93,18.92,20.73,22.33,24.00,25.88,27.65,28.92,29.92,30.83,31.71,32.58,33.32,33.88,34.38,35.05,35.63,36.33,36.32	1.51,1.51,1.51,2.26,3.58,4.79,5.80,6.79,8.02,10.42,12.65,14.90,16.83,18.80,20.61,22.22,23.88,25.75,27.50,28.78,29.80,30.71,31.60,32.47,33.23,33.81,34.32,34.98,35.56,36.24,36.38
2304	18983	Kani*Do-Luck! (TV Size)	Aiurabu	PlayerZero	Hard	13.03	210.0	58837	510	18	audio.mp3	0	bg.jpg	9.9792	2	0	2020-07-29T06:17:03	2020-10-20T21:19:55	40445	546	AIURA	1.40,1.80,2.17,3.19,4.80,6.26,7.52,8.71,9.93,11.61,13.04,14.48,15.71,16.89,18.04,19.12,20.09,21.29,22.34,23.50,24.36,25.14,25.92,26.71,27.38,28.12,28.46,29.30,29.87,30.21,30.54	1.38,1.78,2.15,3.17,4.77,6.23,7.50,8.68,9.91,11.57,12.99,14.43,15.65,16.84,17.99,19.07,20.04,21.25,22.30,23.46,24.33,25.13,25.90,26.69,27.36,28.10,28.45,29.29,29.85,30.19,30.52	2.42,2.98,3.42,4.93,7.47,9.80,11.81,13.77,15.78,18.42,20.77,23.10,25.06,27.00,28.87,30.59,32.17,34.08,35.76,37.03,37.97,38.69,39.32,40.18,40.68,41.14,41.48,41.85,41.89,42.07,42.90	2.20,2.67,3.03,4.52,7.07,9.38,11.42,13.37,15.40,18.12,20.45,22.82,24.81,26.78,28.68,30.46,32.06,34.02,35.78,36.98,37.80,38.58,39.26,39.95,40.64,41.21,41.39,41.78,41.98,42.09,42.78
2304	18981	Kani*Do-Luck! (TV Size)	Aiurabu	PlayerZero	Insane	19.01	210.0	58837	610	14	audio.mp3	0	bg.jpg	11.4222	2	0	2020-07-29T06:17:03	2020-10-20T21:19:55	34448	638	AIURA	2.57,3.86,5.02,6.72,8.95,10.95,12.69,14.26,15.80,17.51,19.01,20.47,21.68,22.93,24.06,25.04,25.96,27.03,27.82,28.90,29.25,30.13,30.83,31.46,31.96,32.50,32.99,33.94,34.20,34.45,34.80	2.56,3.85,5.00,6.70,8.93,10.92,12.66,14.22,15.76,17.46,18.95,20.39,21.60,22.84,23.97,24.95,25.88,26.95,27.75,28.83,29.21,30.09,30.78,31.41,31.91,32.44,32.95,33.89,34.13,34.40,34.73	4.21,5.90,7.17,9.32,12.39,15.12,17.65,20.05,22.48,25.12,27.36,29.60,31.44,33.36,35.15,36.64,38.06,39.56,40.93,41.63,42.34,43.47,44.38,45.22,45.59,45.75,46.39,46.87,46.88,47.15,47.69	4.09,5.70,6.91,9.06,12.18,14.95,17.52,19.96,22.41,25.10,27.43,29.74,31.64,33.62,35.44,36.99,38.49,39.96,41.37,42.06,42.63,43.70,44.64,45.45,45.81,46.05,46.53,46.98,47.06,47.22,47.83
2304	18690	Kani*Do-Luck! (TV Size)	Aiurabu	PlayerZero	Expert	25.68	210.0	58837	661	58	audio.mp3	0	bg.jpg	13.9108	2	0	2020-07-29T06:17:03	2020-10-20T21:19:55	22825	777	AIURA	4.04,6.30,8.31,10.75,13.63,16.23,18.51,20.47,22.27,24.12,25.69,27.02,28.20,29.29,30.38,31.20,32.07,33.30,33.81,34.94,34.85,35.65,36.21,36.87,37.26,37.78,38.07,39.05,39.43,39.39,39.76	4.00,6.26,8.27,10.68,13.48,16.00,18.20,20.10,21.83,23.64,25.20,26.62,27.83,28.93,30.01,30.87,31.76,32.98,33.55,34.65,34.57,35.42,35.99,36.57,36.99,37.44,37.79,38.65,39.16,39.08,39.47	6.70,9.68,11.91,14.67,18.05,21.00,23.82,26.56,29.11,31.83,34.04,35.96,37.58,39.11,40.91,41.93,43.33,44.70,46.01,46.79,47.08,47.80,48.54,49.30,49.62,50.20,50.28,51.18,51.65,51.35,52.56	6.45,9.27,11.39,14.14,17.61,20.67,23.66,26.48,29.08,31.80,34.12,36.02,37.61,39.31,41.02,42.40,43.63,45.04,46.27,47.17,47.56,48.26,48.98,49.71,49.84,50.26,50.48,51.11,51.62,51.52,52.64
2304	18982	Kani*Do-Luck! (TV Size)	Aiurabu	PlayerZero	NANI NANI NANI NANI	29.04	210.0	58837	740	96	audio.mp3	0	bg.jpg	16.6858	2	0	2020-07-29T06:17:03	2020-10-20T21:19:55	22263	932	AIURA	5.35,8.49,11.28,14.13,17.11,19.75,22.04,23.98,25.74,27.55,29.09,30.50,31.68,32.74,33.77,34.54,35.40,36.49,36.90,38.11,37.88,38.59,39.22,39.80,40.16,40.65,40.96,41.85,42.16,42.15,42.59	5.26,8.39,11.18,14.01,16.93,19.52,21.75,23.63,25.32,27.07,28.60,30.00,31.20,32.37,33.38,34.19,35.07,36.18,36.61,37.86,37.63,38.37,39.00,39.55,39.93,40.36,40.69,41.57,41.88,41.88,42.32	9.06,13.13,16.18,19.08,22.00,24.44,26.89,29.27,31.41,33.70,35.70,37.49,38.87,40.14,41.64,42.31,43.71,44.71,45.85,46.17,46.53,47.29,48.01,48.46,48.57,48.96,49.05,49.84,50.50,49.87,51.26	8.42,12.39,15.40,18.37,21.45,24.05,26.77,29.32,31.67,34.15,36.27,37.96,39.40,40.94,42.42,43.46,44.78,45.84,46.94,47.65,47.91,48.61,49.31,49.87,50.09,50.17,50.43,51.34,51.66,51.54,52.54
946	11247	Koi wa Chaos no Shimobenari (TV Size)	Ushirokara Haiyoritai G	PianoLuigi	Easy	1.42	158.0	88116	269	3	audio.mp3	67135	bg.jpg	3.1349	2	0	2020-05-13T22:16:26	2020-05-29T12:49:19	13232	275	Haiyore! Nyaruko-san W	0.69,0.70,0.71,0.73,0.74,0.75,0.76,0.86,1.06,1.25,1.42,1.58,1.73,1.87,2.03,2.26,2.52,2.82,3.01,3.24,3.31,3.52,3.63,3.87,4.12,4.47,4.81,5.15,5.50,5.89,6.12	0.68,0.69,0.71,0.72,0.73,0.75,0.76,0.85,1.06,1.25,1.41,1.58,1.72,1.87,2.03,2.26,2.52,2.81,3.01,3.24,3.31,3.51,3.62,3.86,4.12,4.46,4.80,5.14,5.48,5.87,6.10	1.18,1.20,1.22,1.28,1.33,1.38,1.42,1.61,1.94,2.26,2.55,2.85,3.10,3.37,3.65,4.06,4.52,5.03,5.39,5.79,5.94,6.31,6.51,6.91,7.41,8.04,8.66,9.30,9.83,10.46,10.78	1.18,1.20,1.22,1.24,1.26,1.28,1.30,1.47,1.83,2.15,2.44,2.73,2.98,3.23,3.51,3.91,4.35,4.85,5.18,5.57,5.70,6.05,6.25,6.64,7.11,7.73,8.34,8.95,9.49,10.10,10.44
946	11246	Koi wa Chaos no Shimobenari (TV Size)	Ushirokara Haiyoritai G	PianoLuigi	Normal	4.13	158.0	88116	383	41	audio.mp3	67135	bg.jpg	5.3009	2	0	2020-05-13T22:16:26	2020-05-29T12:49:19	35159	465	Haiyore! Nyaruko-san W	1.40,1.60,1.57,1.85,2.13,2.39,2.59,2.90,3.34,3.74,4.12,4.50,4.83,5.11,5.46,5.88,6.48,6.98,7.52,7.96,8.48,8.93,9.31,9.83,10.47,11.18,11.85,12.62,13.26,13.86,14.41	1.31,1.52,1.50,1.79,2.07,2.33,2.53,2.85,3.29,3.68,4.06,4.44,4.77,5.05,5.40,5.82,6.42,6.93,7.46,7.91,8.42,8.88,9.25,9.77,10.40,11.10,11.75,12.50,13.11,13.70,14.25	2.26,2.60,2.87,3.30,3.89,4.38,4.74,5.30,6.10,6.80,7.49,8.23,8.88,9.45,10.11,10.86,12.00,12.85,13.75,14.49,15.40,16.21,16.78,17.68,18.69,19.82,20.76,21.95,22.37,23.33,24.15	2.30,2.64,2.90,3.08,3.49,3.83,4.07,4.49,5.12,5.69,6.25,6.82,7.35,7.79,8.34,9.01,9.95,10.76,11.60,12.30,13.12,13.83,14.43,15.24,16.31,17.45,18.54,19.78,20.61,21.54,22.27
946	11245	Koi wa Chaos no Shimobenari (TV Size)	Ushirokara Haiyoritai G	PianoLuigi	Hard	8.23	158.0	88116	703	42	audio.mp3	67135	bg.jpg	8.9716	2	0	2020-05-13T22:16:26	2020-05-29T12:49:19	42636	787	Haiyore! Nyaruko-san W	1.36,1.57,1.87,2.34,2.83,3.25,3.60,4.36,5.67,6.98,8.24,9.48,10.59,11.61,13.11,14.46,15.99,17.30,18.57,19.75,20.83,21.85,22.64,23.78,24.50,25.54,26.12,27.00,27.90,28.33,29.03	1.32,1.53,1.83,2.31,2.80,3.21,3.57,4.30,5.58,6.85,8.07,9.28,10.36,11.35,12.81,14.16,15.66,16.96,18.24,19.42,20.53,21.55,22.36,23.54,24.30,25.32,25.93,26.83,27.74,28.20,28.89	2.35,2.73,3.26,4.09,4.86,5.46,5.93,7.08,9.21,11.31,13.37,15.42,17.27,18.93,21.17,23.28,25.79,27.89,29.79,31.59,33.36,34.84,36.08,37.53,39.04,40.23,41.50,42.91,43.52,44.14,44.67	2.35,2.73,3.26,4.03,4.75,5.31,5.73,6.85,8.94,11.00,13.03,15.04,16.87,18.54,20.81,23.01,25.50,27.58,29.60,31.46,33.26,34.82,36.08,37.67,39.14,40.56,41.81,43.15,43.85,44.48,45.08
20039	93184	Left Right (Ryan Randi Mix)	Swan	Jindax	4K Beginner	0.6	200.0	46525	79	10	audio.mp3	0	bg.jpg	2.2148	2	0	2022-07-19T10:13:17	2023-05-21T01:32:13	5343	99	Quaver	0.52,0.53,0.54,0.55,0.56,0.57,0.57,0.57,0.58,0.58,0.60,0.60,0.61,0.62,0.63,0.64,0.66,0.77,0.88,0.98,1.07,1.18,1.27,1.36,1.45,1.54,1.63,1.71,1.84,2.03,2.22	0.48,0.49,0.49,0.51,0.51,0.52,0.52,0.52,0.53,0.54,0.54,0.55,0.56,0.57,0.58,0.59,0.61,0.71,0.83,0.93,1.02,1.13,1.21,1.31,1.39,1.48,1.57,1.65,1.77,1.97,2.15	0.92,0.97,1.02,1.04,1.05,1.07,1.09,1.11,1.13,1.14,1.15,1.18,1.20,1.22,1.23,1.24,1.29,1.42,1.55,1.69,1.82,1.96,2.08,2.21,2.34,2.47,2.60,2.70,2.92,3.29,3.67	0.81,0.83,0.84,0.85,0.86,0.87,0.88,0.89,0.90,0.91,0.91,0.93,0.94,0.96,0.97,0.99,1.02,1.23,1.43,1.63,1.82,2.01,2.18,2.36,2.53,2.71,2.87,3.02,3.25,3.59,3.92
20039	92108	Left Right (Ryan Randi Mix)	Swan	Jindax	4K Easy	2.38	200.0	46825	208	32	audio.mp3	0	bg.jpg	5.8874	2	0	2022-07-19T10:13:17	2023-05-21T01:32:13	7045	272	Quaver	0.97,0.98,0.97,0.97,1.22,1.42,1.61,1.83,2.03,2.15,2.37,2.74,2.93,3.13,3.23,3.41,3.66,4.39,5.20,5.99,6.83,7.85,8.37,9.25,10.03,10.73,11.40,11.87,12.69,13.66,14.32	0.86,0.87,0.86,0.87,1.12,1.34,1.53,1.75,1.95,2.07,2.30,2.66,2.85,3.05,3.16,3.33,3.58,4.27,5.02,5.76,6.54,7.50,7.99,8.81,9.54,10.20,10.82,11.26,12.01,12.90,13.57	1.50,1.52,1.50,1.53,1.96,2.36,2.71,3.10,3.47,3.76,4.30,5.07,5.53,6.02,6.32,6.74,7.28,8.55,9.91,11.23,12.55,14.09,14.92,16.24,17.39,18.37,19.56,20.20,21.38,22.59,23.45	1.51,1.53,1.50,1.52,1.97,2.37,2.72,3.12,3.48,3.72,4.13,4.76,5.09,5.45,5.65,5.95,6.39,7.59,8.91,10.20,11.52,13.10,13.91,15.25,16.43,17.48,18.53,19.24,20.45,21.91,22.94
20039	92854	Left Right (Ryan Randi Mix)	Swan	Jindax	4K Normal	7.15	200.0	46675	329	11	audio.mp3	0	bg.jpg	7.6221	2	0	2022-07-19T10:13:17	2023-05-21T01:32:13	20934	351	Quaver	0.89,0.89,0.89,0.90,1.83,2.67,3.48,4.42,5.17,5.92,7.15,8.67,9.65,10.92,11.63,12.53,13.72,14.71,15.78,16.99,17.58,19.11,19.46,20.68,21.80,22.50,23.36,23.54,24.11,25.17,25.53	0.86,0.86,0.86,0.87,1.81,2.65,3.46,4.40,5.15,5.90,7.12,8.63,9.61,10.88,11.59,12.48,13.66,14.65,15.70,16.90,17.48,19.00,19.34,20.62,21.65,22.39,23.26,23.45,23.98,25.07,25.30	1.50,1.50,1.49,1.51,3.19,4.75,6.24,7.89,9.24,10.66,12.80,15.39,17.17,19.33,20.66,22.20,24.20,25.93,27.71,29.78,30.58,32.68,32.98,34.58,35.98,36.99,37.90,37.95,38.77,39.95,39.43	1.51,1.51,1.50,1.52,3.20,4.77,6.27,7.92,9.27,10.66,12.76,15.30,17.03,19.15,20.44,21.95,23.91,25.62,27.38,29.44,30.23,32.32,32.64,34.36,35.64,36.66,37.66,37.71,38.50,39.70,39.27
20039	92109	Left Right (Ryan Randi Mix)	Swan	Jindax	4K Hard	17.7	200.0	46675	515	0	audio.mp3	0	bg.jpg	11.1835	2	0	2022-07-19T10:13:17	2023-05-21T01:32:13	17522	515	Quaver	2.14,3.58,4.83,5.89,7.84,9.72,11.41,12.98,14.35,15.91,17.70,19.38,20.85,22.40,23.48,24.61,25.78,26.86,27.73,28.85,29.59,30.49,31.12,31.98,32.89,33.45,34.00,34.38,35.03,35.51,36.63	2.14,3.58,4.83,5.89,7.84,9.72,11.41,12.98,14.35,15.91,17.70,19.38,20.85,22.40,23.48,24.61,25.78,26.86,27.73,28.85,29.59,30.49,31.12,31.98,32.89,33.45,34.00,34.38,35.03,35.51,36.63	3.55,5.58,7.12,8.28,11.11,13.82,16.21,18.74,20.91,23.42,26.27,28.99,31.16,33.55,35.72,37.28,39.45,41.03,42.23,44.12,44.79,45.64,45.93,46.65,48.09,48.51,47.88,47.84,48.88,48.70,48.96	3.55,5.58,7.12,8.28,11.11,13.82,16.21,18.74,20.91,23.42,26.27,28.99,31.16,33.55,35.72,37.28,39.45,41.03,42.23,44.12,44.79,45.64,45.93,46.65,48.09,48.51,47.88,47.84,48.88,48.70,48.96
20039	91538	Left Right (Ryan Randi Mix)	Swan	Jindax	4K Insane	24.68	200.0	46750	565	79	audio.mp3	0	bg.jpg	15.6748	2	0	2022-07-19T10:13:17	2023-05-21T01:32:13	11348	723	Quaver	7.60,10.43,11.64,13.73,15.78,17.00,18.69,21.29,22.94,24.27,24.68,27.64,28.76,30.42,29.60,30.50,32.48,33.48,34.02,35.12,34.05,35.75,34.69,37.20,37.17,38.16,38.06,38.32,38.39,38.92,38.17	7.44,10.26,11.48,13.60,15.67,16.93,18.65,21.25,22.91,24.19,24.49,27.36,28.39,29.96,29.06,29.94,32.11,33.13,33.66,34.72,33.53,35.34,34.31,36.83,36.83,37.81,37.76,38.03,38.14,38.71,37.94	13.15,17.46,19.05,21.95,24.70,26.13,28.37,32.36,34.81,36.63,36.45,39.88,40.47,41.85,40.00,40.54,42.72,43.47,43.66,44.44,42.45,43.48,41.84,43.91,44.45,44.55,41.85,42.02,41.75,42.45,40.88	13.23,17.61,19.17,22.10,24.94,26.45,28.71,32.76,35.28,37.22,37.19,40.77,41.46,42.90,41.14,41.75,43.78,44.80,44.51,45.30,43.35,44.31,42.63,44.75,45.25,45.44,42.66,42.70,42.53,43.02,41.67
20039	91536	Left Right (Ryan Randi Mix)	Swan	Jindax	4K Extra	30.42	200.0	46675	772	0	audio.mp3	0	bg.jpg	16.7644	2	0	2022-07-19T10:13:17	2023-05-21T01:32:13	10231	772	Quaver	4.30,8.15,11.60,14.62,17.70,20.50,22.82,25.00,26.90,28.56,30.45,31.60,32.78,34.39,35.17,36.13,37.12,38.00,38.60,39.38,40.02,40.65,41.17,41.72,42.46,42.94,43.26,43.34,43.92,44.16,45.50	4.30,8.15,11.60,14.62,17.70,20.50,22.82,25.00,26.90,28.56,30.45,31.60,32.78,34.39,35.17,36.13,37.12,38.00,38.60,39.38,40.02,40.65,41.17,41.72,42.46,42.94,43.26,43.34,43.92,44.16,45.50	7.11,12.56,16.80,20.01,23.39,26.30,28.63,31.58,34.16,36.43,38.70,40.53,42.27,43.97,45.64,46.89,48.27,49.97,50.39,51.40,51.91,51.87,52.00,52.05,53.00,52.38,48.82,48.60,48.90,48.69,48.75	7.11,12.56,16.80,20.01,23.39,26.30,28.63,31.58,34.16,36.43,38.70,40.53,42.27,43.97,45.64,46.89,48.27,49.97,50.39,51.40,51.91,51.87,52.00,52.05,53.00,52.38,48.82,48.60,48.90,48.69,48.75
20039	91537	Left Right (Ryan Randi Mix)	Swan	Jindax	4K Extreme	34.58	200.0	46750	886	17	audio.mp3	0	bg.jpg	19.9458	2	1	2022-07-19T10:13:17	2023-05-21T01:32:13	6264	920	Quaver	12.26,16.09,19.43,22.32,24.78,26.93,28.85,30.59,32.13,33.37,34.58,35.57,36.38,37.55,38.04,38.57,39.40,40.07,40.39,40.97,41.31,41.79,42.07,42.59,42.99,43.38,43.62,43.76,44.16,44.24,44.81	12.13,15.95,19.32,22.24,24.72,26.90,28.85,30.59,32.13,33.37,34.58,35.57,36.38,37.55,38.04,38.57,39.40,40.07,40.39,40.97,41.31,41.79,42.07,42.59,42.99,43.38,43.62,43.76,44.16,44.24,44.81	20.47,25.29,28.88,31.62,33.54,35.32,36.46,38.90,40.97,42.38,43.42,44.31,44.71,45.53,45.74,46.00,46.61,47.57,47.05,47.47,47.29,47.23,47.03,47.43,48.37,47.93,45.36,45.33,45.63,45.67,45.65	20.57,25.36,28.99,31.70,33.70,35.42,36.56,39.02,41.06,42.48,43.52,44.37,44.77,45.59,45.81,46.04,46.63,47.60,47.05,47.48,47.29,47.23,47.03,47.44,48.37,47.91,45.36,45.33,45.63,45.65,45.65
19201	129974	Orange (GoldenWolf Edit)	Kugimiya Rie, Horie Yui, Kitamura Eri	Alyca	Easy	2.28	140.0	88132	289	9	audio.mp3	28	bg.jpg	4.2261	2	0	2022-06-15T09:19:32	2024-02-21T23:34:46	6073	307	Toradora!	0.77,0.80,0.83,0.86,0.94,1.07,1.17,1.28,1.37,1.64,2.28,2.93,3.54,4.10,4.63,5.13,5.63,5.91,6.44,6.92,7.44,7.86,8.28,8.70,9.07,9.43,9.82,10.09,10.63,11.12,11.60	0.75,0.78,0.81,0.84,0.92,1.05,1.16,1.26,1.36,1.62,2.26,2.91,3.52,4.08,4.61,5.11,5.60,5.89,6.42,6.91,7.42,7.84,8.27,8.69,9.06,9.41,9.81,10.08,10.61,11.10,11.56	1.29,1.35,1.40,1.50,1.64,1.79,1.93,2.06,2.17,2.61,3.69,4.80,5.83,6.79,7.70,8.54,9.40,9.94,10.87,11.71,12.66,13.40,14.13,14.90,15.55,16.17,16.82,17.32,18.24,19.04,19.93	1.28,1.35,1.40,1.46,1.60,1.79,1.93,2.06,2.18,2.60,3.71,4.82,5.86,6.81,7.74,8.61,9.48,10.01,10.91,11.74,12.62,13.33,14.05,14.77,15.40,16.00,16.65,17.12,18.04,18.86,19.66
19201	88440	Orange (GoldenWolf Edit)	Kugimiya Rie, Horie Yui, Kitamura Eri	Alyca	Normal	3.53	140.0	88132	475	1	audio.mp3	28	bg.jpg	6.5664	2	0	2022-06-15T09:19:32	2024-02-21T23:34:46	8017	477	Toradora!	0.96,1.09,1.23,1.32,1.51,1.74,1.95,2.15,2.31,2.68,3.53,4.41,5.23,5.98,6.70,7.35,7.98,8.92,10.05,11.19,12.27,13.24,14.21,15.15,15.96,16.85,17.65,18.37,19.20,20.02,20.80	0.95,1.09,1.23,1.32,1.51,1.74,1.95,2.15,2.31,2.68,3.53,4.41,5.22,5.98,6.70,7.35,7.98,8.92,10.05,11.18,12.27,13.24,14.21,15.15,15.96,16.85,17.65,18.37,19.20,20.02,20.80	1.65,1.89,2.10,2.26,2.58,2.94,3.26,3.53,3.72,4.30,5.76,7.25,8.63,9.91,11.16,12.27,13.35,15.00,16.89,18.74,20.59,22.21,23.81,25.35,26.81,28.16,29.28,30.49,31.87,33.19,34.44	1.65,1.90,2.10,2.26,2.58,2.93,3.23,3.49,3.68,4.25,5.70,7.18,8.57,9.84,11.08,12.22,13.32,14.92,16.80,18.68,20.49,22.10,23.69,25.26,26.58,28.06,29.44,30.56,31.76,33.25,34.41
19201	129973	Orange (GoldenWolf Edit)	Kugimiya Rie, Horie Yui, Kitamura Eri	Alyca	Hard	9.56	140.0	88132	477	0	audio.mp3	28	bg.jpg	6.5664	2	0	2022-06-15T09:19:32	2024-02-21T23:34:46	11022	477	Toradora!	1.00,1.20,1.36,1.49,2.44,3.71,4.94,6.07,7.10,8.22,9.55,10.83,12.01,13.06,14.08,14.96,15.81,16.71,17.65,18.66,19.44,20.13,20.88,21.64,22.05,23.01,23.74,24.30,24.89,25.54,26.07	1.00,1.20,1.36,1.49,2.44,3.71,4.94,6.07,7.10,8.22,9.55,10.83,12.01,13.06,14.08,14.96,15.81,16.71,17.65,18.66,19.44,20.13,20.88,21.64,22.05,23.01,23.74,24.30,24.89,25.54,26.07	1.78,2.16,2.43,2.68,4.24,6.14,7.79,9.17,10.35,11.60,13.28,14.87,16.31,17.59,19.07,20.39,21.63,23.01,24.50,25.97,27.31,28.30,29.62,30.75,31.53,32.84,34.12,34.47,35.29,36.39,37.25	1.78,2.16,2.43,2.68,4.24,6.14,7.79,9.17,10.35,11.60,13.28,14.87,16.31,17.59,19.07,20.39,21.63,23.01,24.50,25.97,27.31,28.30,29.62,30.75,31.53,32.84,34.12,34.47,35.29,36.39,37.25
19201	129972	Orange (GoldenWolf Edit)	Kugimiya Rie, Horie Yui, Kitamura Eri	Alyca	Insane	13.89	140.0	88132	624	0	audio.mp3	28	bg.jpg	8.59	2	0	2022-06-15T09:19:32	2024-02-21T23:34:46	10204	624	Toradora!	1.04,1.12,1.20,1.28,2.90,4.93,6.87,8.67,10.26,11.95,13.89,15.70,17.35,18.68,20.17,21.48,22.69,23.48,24.64,25.87,26.53,27.42,28.32,29.02,29.55,30.45,31.30,31.87,32.38,33.23,33.79	1.04,1.12,1.20,1.28,2.90,4.93,6.87,8.67,10.26,11.95,13.89,15.70,17.35,18.68,20.17,21.48,22.69,23.48,24.64,25.87,26.53,27.42,28.32,29.02,29.55,30.45,31.30,31.87,32.38,33.23,33.79	1.87,2.03,2.17,2.30,4.93,7.86,10.38,12.48,14.19,15.94,18.23,20.36,22.20,23.77,25.82,27.66,29.32,30.57,32.25,33.79,34.97,36.37,37.71,38.63,39.27,40.60,42.11,42.47,43.21,44.32,45.00	1.87,2.03,2.17,2.30,4.93,7.86,10.38,12.48,14.19,15.94,18.23,20.36,22.20,23.77,25.82,27.66,29.32,30.57,32.25,33.79,34.97,36.37,37.71,38.63,39.27,40.60,42.11,42.47,43.21,44.32,45.00
19201	88370	Orange (GoldenWolf Edit)	Kugimiya Rie, Horie Yui, Kitamura Eri	Alyca	Tights	14.92	140.0	88132	752	0	audio.mp3	28	bg.jpg	10.352	2	1	2022-06-15T09:19:32	2024-02-21T23:34:46	14981	752	Toradora!	1.15,1.34,1.49,1.64,3.67,5.80,7.73,9.55,11.19,12.97,14.92,17.06,18.79,20.13,21.73,23.23,24.69,25.44,26.72,27.93,28.93,29.76,30.76,31.56,32.10,33.11,34.21,34.49,35.33,36.11,36.27	1.15,1.34,1.49,1.64,3.67,5.80,7.73,9.55,11.19,12.97,14.92,17.06,18.79,20.13,21.73,23.23,24.69,25.44,26.72,27.93,28.93,29.76,30.76,31.56,32.10,33.11,34.21,34.49,35.33,36.11,36.27	1.96,2.28,2.52,2.76,6.01,9.10,11.65,13.84,15.72,17.66,20.31,22.96,25.13,26.86,29.19,31.50,33.32,34.73,36.61,38.30,39.79,41.06,42.49,43.66,44.58,45.82,47.73,47.85,48.71,49.77,50.40	1.96,2.28,2.52,2.76,6.01,9.10,11.65,13.84,15.72,17.66,20.31,22.96,25.13,26.86,29.19,31.50,33.32,34.73,36.61,38.30,39.79,41.06,42.49,43.66,44.58,45.82,47.73,47.85,48.71,49.77,50.40
44604	181080	oyasumi (Cut Ver.)	Shiggy Jr.	netzoid	easy	2.78	200.0	81781	417	0	audio.mp3	19681	bg.jpg	5.1292	2	0	2026-02-01T21:26:59	2026-03-03T05:37:59	2565	417	LISTEN TO THE MUSIC	0.88,0.89,0.88,0.89,1.16,1.43,1.66,1.88,2.08,2.35,2.78,3.22,3.62,4.00,4.32,4.64,4.94,5.56,6.25,7.04,7.74,8.50,9.11,9.81,10.39,11.01,11.56,12.13,12.85,13.66,14.38	0.88,0.89,0.88,0.89,1.16,1.43,1.66,1.88,2.08,2.35,2.78,3.22,3.62,4.00,4.32,4.64,4.94,5.56,6.25,7.04,7.74,8.50,9.11,9.81,10.39,11.01,11.56,12.13,12.85,13.66,14.38	1.58,1.58,1.57,1.59,2.10,2.58,3.02,3.43,3.79,4.27,4.98,5.72,6.37,6.99,7.52,8.05,8.54,9.63,10.85,12.23,13.38,14.57,15.50,16.57,17.45,18.38,19.20,20.04,21.13,22.28,23.35	1.58,1.58,1.57,1.59,2.10,2.58,3.02,3.43,3.79,4.27,4.98,5.72,6.37,6.99,7.52,8.05,8.54,9.63,10.85,12.23,13.38,14.57,15.50,16.57,17.45,18.38,19.20,20.04,21.13,22.28,23.35
44604	181083	oyasumi (Cut Ver.)	Shiggy Jr.	netzoid	normal	10.55	200.0	81781	707	0	audio.mp3	19681	bg.jpg	8.6962	2	0	2026-02-01T21:26:59	2026-03-03T05:37:59	6504	707	LISTEN TO THE MUSIC	1.51,1.92,2.25,2.59,3.67,4.75,5.81,6.80,7.76,9.08,10.55,12.28,13.70,15.12,16.18,17.36,18.59,19.76,21.10,22.28,22.98,24.07,24.82,26.08,26.68,27.50,28.37,28.85,29.58,30.27,30.50	1.51,1.92,2.25,2.59,3.67,4.75,5.81,6.80,7.76,9.08,10.55,12.28,13.70,15.12,16.18,17.36,18.59,19.76,21.10,22.28,22.98,24.07,24.82,26.08,26.68,27.50,28.37,28.85,29.58,30.27,30.50	2.60,3.23,3.67,4.10,5.87,7.68,9.42,11.16,12.79,15.06,17.49,20.35,22.65,24.98,26.72,28.62,30.62,32.56,34.75,36.64,37.56,39.02,39.67,41.54,42.03,42.85,43.45,43.89,44.63,45.34,45.32	2.60,3.23,3.67,4.10,5.87,7.68,9.42,11.16,12.79,15.06,17.49,20.35,22.65,24.98,26.72,28.62,30.62,32.56,34.75,36.64,37.56,39.02,39.67,41.54,42.03,42.85,43.45,43.89,44.63,45.34,45.32
44604	181081	oyasumi (Cut Ver.)	Shiggy Jr.	netzoid	hard	19.34	200.0	81781	968	0	audio.mp3	19681	bg.jpg	11.9065	2	0	2026-02-01T21:26:59	2026-03-03T05:37:59	4967	968	LISTEN TO THE MUSIC	3.69,5.16,6.36,7.57,9.38,11.21,12.98,14.73,16.42,17.81,19.35,21.25,22.65,24.20,25.08,26.49,27.61,28.70,29.90,30.82,31.21,31.96,32.54,33.70,34.04,34.87,35.75,35.95,36.27,36.84,36.94	3.69,5.16,6.36,7.57,9.38,11.21,12.98,14.73,16.42,17.81,19.35,21.25,22.65,24.20,25.08,26.49,27.61,28.70,29.90,30.82,31.21,31.96,32.54,33.70,34.04,34.87,35.75,35.95,36.27,36.84,36.94	6.45,8.66,10.24,11.73,14.29,16.92,19.47,22.21,24.88,27.22,29.47,32.32,34.13,36.34,37.51,39.18,40.93,42.35,43.77,44.98,45.34,45.98,46.35,47.76,47.75,48.47,48.01,48.17,48.19,48.80,48.57	6.45,8.66,10.24,11.73,14.29,16.92,19.47,22.21,24.88,27.22,29.47,32.32,34.13,36.34,37.51,39.18,40.93,42.35,43.77,44.98,45.34,45.98,46.35,47.76,47.75,48.47,48.01,48.17,48.19,48.80,48.57
44604	181082	oyasumi (Cut Ver.)	Shiggy Jr.	netzoid	insane	26.76	200.0	81799	1158	0	audio.mp3	19681	bg.jpg	14.2404	2	0	2026-02-01T21:26:59	2026-03-03T05:37:59	2943	1158	LISTEN TO THE MUSIC	5.76,8.46,10.75,12.90,15.44,17.66,19.84,21.82,23.96,25.31,26.76,28.51,29.85,31.32,32.05,33.10,34.35,35.21,36.08,36.87,37.08,37.79,38.13,39.32,39.37,40.15,40.99,40.99,41.18,41.75,41.62	5.76,8.46,10.75,12.90,15.44,17.66,19.84,21.82,23.96,25.31,26.76,28.51,29.85,31.32,32.05,33.10,34.35,35.21,36.08,36.87,37.08,37.79,38.13,39.32,39.37,40.15,40.99,40.99,41.18,41.75,41.62	10.38,14.44,17.47,20.09,23.46,26.43,29.18,32.27,35.32,37.47,39.19,41.58,42.89,44.73,45.42,46.67,48.04,48.93,49.95,50.84,50.66,51.12,51.29,52.49,52.06,52.74,50.10,50.20,50.25,50.59,50.22	10.38,14.44,17.47,20.09,23.46,26.43,29.18,32.27,35.32,37.47,39.19,41.58,42.89,44.73,45.42,46.67,48.04,48.93,49.95,50.84,50.66,51.12,51.29,52.49,52.06,52.74,50.10,50.20,50.25,50.59,50.22
44604	181084	oyasumi (Cut Ver.)	Shiggy Jr.	netzoid	starlight	29.97	200.0	81799	1308	0	audio.mp3	19681	bg.jpg	16.085	2	0	2026-02-01T21:26:59	2026-03-03T05:37:59	2813	1308	LISTEN TO THE MUSIC	6.75,10.06,12.91,15.49,18.31,20.65,22.96,24.98,27.08,28.58,29.97,31.78,32.94,34.39,35.17,36.22,37.38,38.26,39.15,39.71,39.88,40.51,40.87,41.88,41.95,42.68,43.31,43.38,43.67,43.96,43.97	6.75,10.06,12.91,15.49,18.31,20.65,22.96,24.98,27.08,28.58,29.97,31.78,32.94,34.39,35.17,36.22,37.38,38.26,39.15,39.71,39.88,40.51,40.87,41.88,41.95,42.68,43.31,43.38,43.67,43.96,43.97	12.13,17.02,20.75,23.77,27.36,30.30,32.91,35.87,38.94,41.04,42.87,44.79,45.93,47.53,48.15,49.23,50.57,51.66,52.07,52.64,52.88,52.71,52.67,53.55,53.34,53.95,51.64,50.99,51.12,51.45,51.12	12.13,17.02,20.75,23.77,27.36,30.30,32.91,35.87,38.94,41.04,42.87,44.79,45.93,47.53,48.15,49.23,50.57,51.66,52.07,52.64,52.88,52.71,52.67,53.55,53.34,53.95,51.64,50.99,51.12,51.45,51.12
42819	175344	Part Of Me (Whippa Hardstyle Remix)	Katy Perry	netzoid	Easy	2.0	170.0	113343	413	0	audio.mp3	22990	bg.jpg	3.7031	2	0	2025-10-15T00:08:23	2025-11-04T15:54:26	5272	413		0.75,0.77,0.79,0.80,0.82,0.83,0.98,1.29,1.55,1.79,2.00,2.22,2.41,2.60,2.60,2.73,2.86,2.98,3.08,3.17,3.26,3.43,3.92,4.45,4.97,5.45,5.90,6.38,6.76,7.18,7.53	0.75,0.77,0.79,0.80,0.82,0.83,0.98,1.29,1.55,1.79,2.00,2.22,2.41,2.60,2.60,2.73,2.86,2.98,3.08,3.17,3.26,3.43,3.92,4.45,4.97,5.45,5.90,6.38,6.76,7.18,7.53	1.28,1.31,1.34,1.36,1.39,1.41,1.67,2.18,2.61,3.01,3.38,3.75,4.08,4.39,4.41,4.63,4.84,5.04,5.21,5.36,5.51,5.81,6.67,7.59,8.50,9.35,10.15,10.98,11.66,12.38,13.01	1.28,1.31,1.34,1.36,1.39,1.41,1.67,2.18,2.61,3.01,3.38,3.75,4.08,4.39,4.41,4.63,4.84,5.04,5.21,5.36,5.51,5.81,6.67,7.59,8.50,9.35,10.15,10.98,11.66,12.38,13.01
42819	175348	Part Of Me (Whippa Hardstyle Remix)	Katy Perry	netzoid	Normal	4.36	170.0	113343	632	0	audio.mp3	22990	bg.jpg	5.5958	2	0	2025-10-15T00:08:23	2025-11-04T15:54:26	9980	632		1.45,1.64,1.80,1.93,2.05,2.15,2.45,2.95,3.45,3.92,4.36,4.77,5.31,6.03,6.77,7.49,8.11,8.71,9.28,9.81,10.33,10.89,11.72,12.58,13.40,14.19,14.93,15.67,16.34,17.00,17.60	1.45,1.64,1.80,1.93,2.05,2.15,2.45,2.95,3.45,3.92,4.36,4.77,5.31,6.03,6.77,7.49,8.11,8.71,9.28,9.81,10.33,10.89,11.72,12.58,13.40,14.19,14.93,15.67,16.34,17.00,17.60	2.57,2.91,3.21,3.45,3.67,3.86,4.41,5.31,6.20,7.04,7.80,8.52,9.45,10.66,11.88,13.05,14.05,15.00,15.92,16.77,17.59,18.51,19.92,21.39,22.78,24.00,25.01,26.02,26.91,27.78,28.58	2.57,2.91,3.21,3.45,3.67,3.86,4.41,5.31,6.20,7.04,7.80,8.52,9.45,10.66,11.88,13.05,14.05,15.00,15.92,16.77,17.59,18.51,19.92,21.39,22.78,24.00,25.01,26.02,26.91,27.78,28.58
42819	175343	Part Of Me (Whippa Hardstyle Remix)	Katy Perry	netzoid	Advanced	11.69	170.0	113343	900	0	audio.mp3	22990	bg.jpg	7.9688	2	0	2025-10-15T00:08:23	2025-11-04T15:54:26	12188	900		1.38,1.62,2.67,3.74,4.71,5.60,6.75,8.09,9.38,10.55,11.69,12.67,13.76,15.03,16.24,17.42,18.50,19.57,20.50,21.35,22.14,23.04,23.91,24.81,25.70,26.61,27.44,28.19,28.84,29.58,30.18	1.38,1.62,2.67,3.74,4.71,5.60,6.75,8.09,9.38,10.55,11.69,12.67,13.76,15.03,16.24,17.42,18.50,19.57,20.50,21.35,22.14,23.04,23.91,24.81,25.70,26.61,27.44,28.19,28.84,29.58,30.18	2.49,2.95,4.71,6.29,7.59,8.67,10.20,12.09,13.88,15.51,17.26,18.81,20.50,22.48,24.38,26.30,28.03,29.69,31.25,32.53,34.00,35.23,36.53,38.21,39.58,40.70,41.80,42.58,43.49,44.27,45.18	2.49,2.95,4.71,6.29,7.59,8.67,10.20,12.09,13.88,15.51,17.26,18.81,20.50,22.48,24.38,26.30,28.03,29.69,31.25,32.53,34.00,35.23,36.53,38.21,39.58,40.70,41.80,42.58,43.49,44.27,45.18
42819	175345	Part Of Me (Whippa Hardstyle Remix)	Katy Perry	netzoid	Hard	16.78	170.0	113343	1221	0	audio.mp3	22990	bg.jpg	10.811	2	0	2025-10-15T00:08:23	2025-11-04T15:54:26	8946	1221		1.38,1.86,3.65,5.38,6.95,8.36,10.06,11.91,13.63,15.18,16.78,18.06,19.55,21.04,22.71,24.23,25.55,26.82,28.20,29.36,30.40,31.50,32.36,33.38,34.34,35.33,35.99,36.74,37.23,37.88,38.47	1.38,1.86,3.65,5.38,6.95,8.36,10.06,11.91,13.63,15.18,16.78,18.06,19.55,21.04,22.71,24.23,25.55,26.82,28.20,29.36,30.40,31.50,32.36,33.38,34.34,35.33,35.99,36.74,37.23,37.88,38.47	2.50,3.33,6.14,8.57,10.56,12.17,14.36,16.97,19.30,21.42,23.78,25.82,28.16,30.75,33.03,35.64,37.69,39.73,41.77,43.59,45.30,46.94,48.29,49.93,51.43,52.61,53.08,53.51,53.94,54.43,54.77	2.50,3.33,6.14,8.57,10.56,12.17,14.36,16.97,19.30,21.42,23.78,25.82,28.16,30.75,33.03,35.64,37.69,39.73,41.77,43.59,45.30,46.94,48.29,49.93,51.43,52.61,53.08,53.51,53.94,54.43,54.77
42819	175346	Part Of Me (Whippa Hardstyle Remix)	Katy Perry	netzoid	Hyper	21.28	170.0	113343	1432	0	audio.mp3	22990	bg.jpg	12.6792	2	1	2025-10-15T00:08:23	2025-11-04T15:54:26	5468	1432		1.30,1.87,4.29,6.65,8.78,10.72,12.90,15.26,17.48,19.45,21.28,22.87,24.47,26.02,27.50,28.93,30.21,31.40,32.57,33.63,34.53,35.58,36.34,37.25,38.09,38.90,39.51,40.14,40.53,41.08,41.55	1.30,1.87,4.29,6.65,8.78,10.72,12.90,15.26,17.48,19.45,21.28,22.87,24.47,26.02,27.50,28.93,30.21,31.40,32.57,33.63,34.53,35.58,36.34,37.25,38.09,38.90,39.51,40.14,40.53,41.08,41.55	2.32,3.31,7.14,10.43,13.07,15.21,17.79,20.72,23.25,25.69,28.26,30.60,32.89,35.27,37.25,39.58,41.20,42.94,44.72,46.14,47.59,48.90,50.28,51.55,52.76,53.60,53.71,54.00,54.12,54.36,54.67	2.32,3.31,7.14,10.43,13.07,15.21,17.79,20.72,23.25,25.69,28.26,30.60,32.89,35.27,37.25,39.58,41.20,42.94,44.72,46.14,47.59,48.90,50.28,51.55,52.76,53.60,53.71,54.00,54.12,54.36,54.67
42819	175347	Part Of Me (Whippa Hardstyle Remix)	Katy Perry	netzoid	Insane	23.18	170.0	113343	1642	0	audio.mp3	22990	bg.jpg	14.5386	2	0	2025-10-15T00:08:23	2025-11-04T15:54:26	8387	1642		1.19,1.79,4.74,7.65,10.29,12.67,15.01,17.36,19.55,21.48,23.27,24.85,26.32,27.76,29.08,30.41,31.41,32.55,33.53,34.44,35.27,36.15,36.67,37.54,38.42,38.96,39.33,40.02,40.01,40.68,41.21	1.19,1.79,4.74,7.65,10.29,12.67,15.01,17.36,19.55,21.48,23.27,24.85,26.32,27.76,29.08,30.41,31.41,32.55,33.53,34.44,35.27,36.15,36.67,37.54,38.42,38.96,39.33,40.02,40.01,40.68,41.21	2.03,3.05,7.79,11.86,15.15,17.77,20.25,22.73,24.92,26.83,29.10,31.20,33.14,35.13,36.80,38.70,40.05,41.64,43.08,44.36,45.63,46.86,47.72,49.01,50.21,50.77,50.71,50.85,50.98,51.26,51.59	2.03,3.05,7.79,11.86,15.15,17.77,20.25,22.73,24.92,26.83,29.10,31.20,33.14,35.13,36.80,38.70,40.05,41.64,43.08,44.36,45.63,46.86,47.72,49.01,50.21,50.77,50.71,50.85,50.98,51.26,51.59
42553	174646	play 3k NOW!	netzoid	netzoid	Easy	1.65	180.0	65816	216	3	audio.mp3	30983	bg.jpg	3.5806	2	0	2025-09-28T19:33:32	2025-11-09T20:55:45	1100	222		0.74,0.75,0.77,0.78,0.79,0.88,1.07,1.26,1.40,1.53,1.65,1.76,1.86,1.96,2.05,2.13,2.22,2.12,2.17,2.22,2.63,3.10,3.58,4.05,4.51,4.96,5.38,5.78,6.18,6.54,6.91	0.73,0.74,0.76,0.77,0.78,0.87,1.06,1.25,1.40,1.52,1.64,1.75,1.85,1.95,2.04,2.13,2.21,2.12,2.16,2.22,2.63,3.09,3.57,4.05,4.51,4.95,5.38,5.78,6.17,6.54,6.91	1.24,1.26,1.28,1.31,1.33,1.49,1.81,2.12,2.37,2.59,2.80,2.99,3.16,3.33,3.49,3.63,3.78,3.91,3.73,3.83,4.58,5.43,6.31,7.18,8.03,8.84,9.62,10.35,11.07,11.72,12.39	1.24,1.26,1.28,1.30,1.33,1.48,1.80,2.11,2.36,2.58,2.78,2.97,3.15,3.31,3.47,3.62,3.76,3.90,3.71,3.81,4.56,5.40,6.28,7.13,7.97,8.78,9.55,10.27,10.99,11.65,12.31
42553	174642	play 3k NOW!	netzoid	netzoid	Normal	4.17	180.0	65816	347	1	audio.mp3	30983	bg.jpg	5.629	2	0	2025-09-28T19:33:32	2025-11-09T20:55:45	1907	349		0.86,0.85,0.86,0.86,0.85,1.19,1.90,2.56,3.15,3.68,4.17,4.74,5.33,5.87,6.39,6.87,7.30,7.71,8.10,8.47,9.04,9.71,10.46,11.15,11.76,12.49,13.10,13.69,14.31,14.84,15.45	0.86,0.85,0.85,0.86,0.85,1.18,1.90,2.56,3.15,3.68,4.17,4.74,5.33,5.87,6.39,6.87,7.30,7.71,8.10,8.47,9.04,9.71,10.46,11.15,11.76,12.49,13.10,13.69,14.31,14.84,15.45	1.48,1.48,1.47,1.47,1.47,2.10,3.42,4.64,5.74,6.72,7.64,8.67,9.74,10.72,11.66,12.51,13.29,14.02,14.73,15.39,16.38,17.53,18.82,19.95,20.91,22.05,22.99,23.90,24.81,25.50,26.48	1.48,1.48,1.47,1.47,1.47,2.10,3.42,4.64,5.74,6.72,7.63,8.67,9.73,10.71,11.66,12.51,13.29,14.03,14.73,15.40,16.38,17.53,18.83,19.98,20.99,22.08,23.04,23.97,24.85,25.50,26.48
42553	174645	play 3k NOW!	netzoid	netzoid	Hard	9.74	180.0	65816	446	1	audio.mp3	30983	bg.jpg	7.2259	2	0	2025-09-28T19:33:32	2025-11-09T20:55:45	2722	448		1.20,1.69,2.41,3.07,3.66,4.51,5.74,6.89,7.94,8.87,9.74,10.72,11.79,12.78,13.73,14.62,15.41,16.15,16.83,17.53,18.29,19.15,19.99,20.74,21.52,22.26,22.94,23.59,24.22,24.81,25.41	1.20,1.69,2.41,3.06,3.66,4.51,5.74,6.89,7.94,8.87,9.73,10.72,11.79,12.78,13.73,14.62,15.41,16.15,16.83,17.52,18.29,19.14,19.99,20.74,21.52,22.25,22.94,23.58,24.22,24.81,25.41	2.16,2.95,4.00,4.82,5.48,6.62,8.45,10.15,11.70,13.22,14.63,16.25,18.02,19.63,21.14,22.57,23.84,25.04,26.14,27.21,28.49,29.81,31.19,32.36,33.41,34.37,35.26,36.10,36.92,37.62,38.20	2.16,2.95,3.99,4.82,5.48,6.62,8.46,10.15,11.70,13.22,14.63,16.24,18.01,19.61,21.11,22.53,23.80,24.99,26.08,27.15,28.42,29.77,31.13,32.30,33.35,34.32,35.21,36.05,36.88,37.59,38.18
42553	174643	play 3k NOW!	netzoid	netzoid	Insane	16.93	180.0	65816	580	1	audio.mp3	30983	bg.jpg	9.3871	2	0	2025-09-28T19:33:32	2025-11-09T20:55:45	2618	582		1.15,2.53,4.32,5.96,7.41,9.06,10.98,12.70,14.27,15.66,16.93,18.38,19.94,21.39,22.79,24.07,25.26,26.31,27.31,28.32,29.19,30.11,30.96,31.61,32.34,33.00,33.66,34.14,34.75,35.37,35.99	1.15,2.53,4.32,5.96,7.41,9.06,10.98,12.70,14.27,15.66,16.93,18.38,19.94,21.39,22.79,24.07,25.26,26.31,27.31,28.32,29.19,30.11,30.96,31.61,32.34,33.00,33.66,34.14,34.75,35.37,35.99	2.05,4.32,6.92,9.02,10.67,12.65,15.18,17.43,19.44,21.56,23.48,25.75,28.20,30.42,32.58,34.54,36.32,37.69,39.18,41.02,42.00,43.53,44.45,45.42,46.01,46.53,47.26,47.55,48.14,48.57,47.58	2.05,4.32,6.91,9.02,10.66,12.65,15.19,17.41,19.41,21.53,23.45,25.71,28.16,30.38,32.52,34.48,36.31,37.64,39.12,40.96,41.95,43.62,44.40,45.38,45.96,46.49,47.21,47.50,48.09,48.58,47.58
42553	174644	play 3k NOW!	netzoid	netzoid	Expert	20.91	180.0	65816	707	1	audio.mp3	30983	bg.jpg	11.4355	2	0	2025-09-28T19:33:32	2025-11-09T20:55:45	2807	709		0.92,3.02,5.59,7.97,10.07,12.16,14.32,16.25,17.99,19.53,20.90,22.28,23.75,25.13,26.44,27.64,28.75,29.73,30.66,31.59,32.37,33.21,33.97,34.58,35.26,35.89,36.46,37.01,37.52,38.01,38.56	0.92,3.02,5.59,7.97,10.07,12.16,14.32,16.25,17.99,19.52,20.90,22.27,23.75,25.13,26.44,27.64,28.75,29.73,30.65,31.59,32.37,33.21,33.97,34.58,35.26,35.89,36.46,37.01,37.52,38.01,38.55	1.61,5.07,8.82,11.86,14.25,16.61,19.13,21.29,23.21,25.40,27.36,29.36,31.57,33.62,35.58,37.38,39.00,40.50,41.88,43.30,44.46,45.59,46.36,47.17,47.61,48.00,48.09,48.56,48.60,48.62,46.63	1.62,5.07,8.82,11.86,14.24,16.61,19.12,21.26,23.17,25.35,27.30,29.30,31.49,33.54,35.49,37.28,38.94,40.40,41.77,43.18,44.35,45.62,46.33,47.08,47.52,47.90,47.98,48.42,48.45,48.73,46.64
16454	78230	Play a Mini-Game! (Gamma Mix)	Yasunori Mitsuda	MORGENSHTERN	Beginner	0.79	120.0	64866	182	4	audio.mp3	835	bg.jpg	3.4545	2	0	2022-03-03T06:45:48	2022-07-16T00:15:53	16789	190		0.66,0.67,0.69,0.70,0.70,0.72,0.73,0.75,0.76,0.78,0.79,0.81,0.83,0.84,0.86,0.86,0.89,0.91,0.92,0.95,0.98,1.03,0.92,0.99,1.03,1.10,1.14,1.18,1.21,1.24,1.27	0.65,0.67,0.68,0.70,0.70,0.72,0.73,0.74,0.76,0.78,0.79,0.81,0.82,0.84,0.85,0.86,0.89,0.91,0.92,0.95,0.97,1.03,0.92,0.98,1.03,1.09,1.13,1.17,1.21,1.23,1.27	1.15,1.18,1.20,1.21,1.23,1.26,1.26,1.30,1.33,1.35,1.36,1.40,1.43,1.45,1.48,1.49,1.53,1.57,1.59,1.64,1.68,1.77,1.59,1.70,1.78,1.88,1.94,2.00,2.06,2.10,2.16	1.15,1.18,1.19,1.21,1.23,1.26,1.26,1.30,1.33,1.35,1.36,1.40,1.42,1.45,1.47,1.49,1.53,1.57,1.59,1.64,1.68,1.76,1.59,1.70,1.77,1.87,1.93,1.99,2.05,2.09,2.15
16454	77618	Play a Mini-Game! (Gamma Mix)	Yasunori Mitsuda	MORGENSHTERN	Easy	2.45	120.0	64866	353	0	audio.mp3	835	bg.jpg	5.4517	2	0	2022-03-03T06:45:48	2022-07-16T00:15:53	26425	353		0.83,0.87,1.15,1.44,1.64,1.91,1.96,2.18,2.34,2.47,2.45,2.70,2.84,3.54,4.29,4.99,5.97,6.74,7.29,7.96,8.72,9.34,9.56,10.74,11.44,12.23,12.88,13.53,14.27,14.39,14.50	0.83,0.87,1.15,1.44,1.64,1.91,1.96,2.18,2.34,2.47,2.45,2.70,2.84,3.54,4.29,4.99,5.97,6.74,7.29,7.96,8.72,9.34,9.56,10.74,11.44,12.23,12.88,13.53,14.27,14.39,14.50	1.41,1.49,1.96,2.46,2.82,3.27,3.38,3.76,4.03,4.25,4.23,4.63,4.89,6.09,7.38,8.57,10.21,11.52,12.45,13.60,14.85,15.90,16.28,18.15,19.09,20.46,21.39,22.34,23.16,23.69,23.75	1.41,1.49,1.96,2.46,2.82,3.27,3.38,3.76,4.03,4.25,4.23,4.63,4.89,6.09,7.38,8.57,10.21,11.52,12.45,13.60,14.85,15.90,16.28,18.15,19.09,20.46,21.39,22.34,23.16,23.69,23.75
16454	78228	Play a Mini-Game! (Gamma Mix)	Yasunori Mitsuda	MORGENSHTERN	Normal	7.31	120.0	64866	529	0	audio.mp3	835	bg.jpg	8.1699	2	0	2022-03-03T06:45:48	2022-07-16T00:15:53	30718	529		0.89,0.92,1.24,1.50,1.73,1.96,2.83,4.08,5.27,6.33,7.31,8.19,9.16,10.33,11.77,12.91,14.05,15.23,16.27,17.36,18.17,19.03,19.99,21.04,21.91,22.73,23.52,24.31,25.22,25.76,26.38	0.89,0.92,1.24,1.50,1.73,1.96,2.83,4.08,5.27,6.33,7.31,8.19,9.16,10.33,11.77,12.91,14.05,15.23,16.27,17.36,18.17,19.03,19.99,21.04,21.91,22.73,23.52,24.31,25.22,25.76,26.38	1.55,1.60,2.13,2.56,2.95,3.32,4.79,6.73,8.40,9.79,10.98,11.98,13.11,14.82,16.70,18.24,19.72,21.38,23.15,24.76,25.92,27.35,28.90,30.72,31.77,33.07,34.09,35.45,36.50,37.97,38.54	1.55,1.60,2.13,2.56,2.95,3.32,4.79,6.73,8.40,9.79,10.98,11.98,13.11,14.82,16.70,18.24,19.72,21.38,23.15,24.76,25.92,27.35,28.90,30.72,31.77,33.07,34.09,35.45,36.50,37.97,38.54
16454	78229	Play a Mini-Game! (Gamma Mix)	Yasunori Mitsuda	MORGENSHTERN	Hard	15.57	120.0	64866	733	0	audio.mp3	835	bg.jpg	11.3205	2	1	2022-03-03T06:45:48	2022-07-16T00:15:53	48291	733		0.86,1.04,2.75,4.33,5.73,7.08,8.61,10.65,12.63,14.22,15.58,17.07,18.42,19.62,21.27,21.95,23.66,24.76,25.64,26.43,27.86,28.40,28.70,29.92,30.39,31.27,31.96,32.48,33.08,33.45,33.25	0.86,1.04,2.75,4.33,5.73,7.08,8.61,10.65,12.63,14.22,15.58,17.07,18.42,19.62,21.27,21.95,23.66,24.76,25.64,26.43,27.86,28.40,28.70,29.92,30.39,31.27,31.96,32.48,33.08,33.45,33.25	1.47,1.80,4.82,7.64,10.15,12.53,15.15,18.36,21.29,23.45,25.12,27.07,28.53,30.05,31.91,32.53,34.66,36.07,37.63,38.40,40.42,41.28,41.68,43.51,43.22,43.85,44.22,44.28,44.47,44.93,43.69	1.47,1.80,4.82,7.64,10.15,12.53,15.15,18.36,21.29,23.45,25.12,27.07,28.53,30.05,31.91,32.53,34.66,36.07,37.63,38.40,40.42,41.28,41.68,43.51,43.22,43.85,44.22,44.28,44.47,44.93,43.69
16454	78231	Play a Mini-Game! (Gamma Mix)	Yasunori Mitsuda	MORGENSHTERN	Insane	26.12	120.0	64866	869	0	audio.mp3	835	bg.jpg	13.4208	2	1	2022-03-03T06:45:48	2022-07-16T00:15:53	21196	869		5.66,7.42,10.07,12.39,14.53,16.47,18.42,20.55,22.51,24.34,26.12,27.39,28.68,29.81,31.06,31.88,32.98,33.82,34.75,35.55,36.36,36.75,37.49,38.03,38.68,38.88,39.54,39.85,40.57,40.82,41.08	5.66,7.42,10.07,12.39,14.53,16.47,18.42,20.55,22.51,24.34,26.12,27.39,28.68,29.81,31.06,31.88,32.98,33.82,34.75,35.55,36.36,36.75,37.49,38.03,38.68,38.88,39.54,39.85,40.57,40.82,41.08	6.91,9.02,12.91,16.40,19.71,22.68,25.46,28.35,30.88,32.81,34.99,36.19,37.38,38.67,39.74,40.27,41.46,42.05,43.84,44.41,45.50,46.18,47.01,48.05,48.01,48.25,48.60,48.87,49.24,49.96,49.48	6.91,9.02,12.91,16.40,19.71,22.68,25.46,28.35,30.88,32.81,34.99,36.19,37.38,38.67,39.74,40.27,41.46,42.05,43.84,44.41,45.50,46.18,47.01,48.05,48.01,48.25,48.60,48.87,49.24,49.96,49.48
16454	77469	Play a Mini-Game! (Gamma Mix)	Yasunori Mitsuda	MORGENSHTERN	Party!	35.75	120.0	64866	1282	0	audio.mp3	835	bg.jpg	19.7992	2	1	2022-03-03T06:45:48	2022-07-16T00:15:53	20447	1282		10.69,14.03,17.57,20.70,23.50,25.99,28.35,30.15,32.06,33.79,35.76,36.54,37.86,38.44,39.55,40.19,40.99,41.53,42.34,43.08,43.60,43.93,44.80,45.09,45.50,45.54,46.06,46.33,46.99,47.15,47.34	10.69,14.03,17.57,20.70,23.50,25.99,28.35,30.15,32.06,33.79,35.76,36.54,37.86,38.44,39.55,40.19,40.99,41.53,42.34,43.08,43.60,43.93,44.80,45.09,45.50,45.54,46.06,46.33,46.99,47.15,47.34	12.15,15.99,20.28,24.29,27.78,31.08,33.94,36.19,37.62,39.32,40.75,41.13,42.00,42.32,42.97,43.15,43.59,43.97,44.82,45.53,46.45,46.55,47.43,47.81,48.46,47.98,48.36,48.48,49.52,49.23,49.23	12.15,15.99,20.28,24.29,27.78,31.08,33.94,36.19,37.62,39.32,40.75,41.13,42.00,42.32,42.97,43.15,43.59,43.97,44.82,45.53,46.45,46.55,47.43,47.81,48.46,47.98,48.36,48.48,49.52,49.23,49.23
35718	151060	run home	633397	netzoid	will's beginner	0.83	185.0	83526	202	24	audio.mp3	41688	bg.jpg	2.9994	2	0	2024-09-13T05:48:20	2025-06-27T13:02:29	1535	250	what're you so afraid of	0.69,0.70,0.72,0.72,0.74,0.76,0.77,0.78,0.80,0.82,0.83,0.85,0.87,0.88,0.90,0.93,0.95,0.97,0.99,1.20,1.53,1.83,2.12,2.24,2.48,2.71,2.93,3.14,3.34,3.52,3.71	0.62,0.64,0.64,0.66,0.67,0.68,0.69,0.70,0.72,0.73,0.75,0.76,0.78,0.80,0.82,0.84,0.86,0.88,0.90,1.12,1.45,1.75,2.04,2.17,2.41,2.64,2.86,3.07,3.27,3.45,3.64	1.09,1.11,1.13,1.15,1.18,1.20,1.22,1.24,1.27,1.29,1.43,1.89,2.34,2.75,3.15,3.52,3.88,4.22,4.54,5.16,5.90,6.63,7.31,7.85,8.14,8.58,9.00,9.38,9.75,10.07,10.39	1.09,1.11,1.13,1.15,1.17,1.19,1.21,1.23,1.25,1.28,1.30,1.33,1.35,1.38,1.41,1.45,1.47,1.51,1.54,1.96,2.54,3.08,3.60,4.11,4.33,4.75,5.15,5.54,5.90,6.24,6.59
35718	151057	run home	633397	netzoid	easy	2.79	185.0	83526	352	13	audio.mp3	41688	bg.jpg	4.535	2	0	2024-09-13T05:48:20	2025-06-27T13:02:29	4394	378	what're you so afraid of	0.94,0.96,0.98,1.00,1.02,1.35,1.74,1.94,2.23,2.52,2.79,3.16,3.47,3.84,4.09,4.39,4.64,4.84,5.13,5.68,6.37,7.17,7.95,8.76,9.52,10.22,10.82,11.47,12.09,12.69,13.22	0.91,0.93,0.95,0.96,0.99,1.31,1.71,1.91,2.20,2.50,2.77,3.14,3.45,3.81,4.06,4.37,4.62,4.82,5.11,5.64,6.30,7.08,7.83,8.61,9.35,10.02,10.60,11.23,11.84,12.42,12.93	1.57,1.59,1.62,1.65,1.69,2.33,3.07,3.52,4.09,4.67,5.20,5.97,6.68,7.44,8.01,8.65,9.17,9.65,10.24,11.17,12.29,13.61,14.84,16.04,17.21,18.26,19.14,20.07,21.01,21.88,22.63	1.56,1.59,1.62,1.64,1.68,2.30,3.02,3.45,4.00,4.56,5.06,5.72,6.28,6.92,7.37,7.90,8.35,8.71,9.21,10.13,11.29,12.62,13.88,15.16,16.35,17.45,18.38,19.38,20.36,21.29,22.10
35718	151058	run home	633397	netzoid	normal	10.09	185.0	83526	566	2	audio.mp3	41688	bg.jpg	6.8386	2	0	2024-09-13T05:48:20	2025-06-27T13:02:29	12540	570	what're you so afraid of	1.66,2.28,2.95,3.58,4.13,5.12,6.24,7.35,8.32,9.20,10.09,11.16,12.30,13.42,14.39,15.41,16.37,17.21,18.10,19.08,19.93,20.85,21.74,22.63,23.43,24.12,24.82,25.55,26.09,26.84,27.27	1.66,2.28,2.95,3.58,4.13,5.12,6.23,7.34,8.32,9.19,10.09,11.16,12.30,13.42,14.39,15.41,16.36,17.21,18.10,19.07,19.92,20.84,21.73,22.62,23.42,24.12,24.81,25.54,26.08,26.83,27.26	3.08,4.10,5.08,5.89,6.50,7.90,9.53,11.12,12.60,14.01,15.42,17.13,18.91,20.68,22.18,23.80,25.27,26.60,27.98,29.52,30.88,32.33,33.65,34.87,35.88,36.83,37.75,38.68,39.42,39.96,40.40	3.01,4.03,4.99,5.79,6.39,7.79,9.40,10.99,12.47,13.87,15.27,16.98,18.76,20.52,22.02,23.63,25.11,26.43,27.80,29.36,30.73,32.19,33.52,34.77,35.80,36.76,37.70,38.64,39.39,40.00,40.45
35718	151061	run home	633397	netzoid	anwul's hard	19.07	185.0	83526	806	0	audio.mp3	41688	bg.jpg	9.6699	2	0	2024-09-13T05:48:20	2025-06-27T13:02:29	8506	806	what're you so afraid of	4.19,5.80,7.24,8.73,9.90,11.43,13.19,15.19,16.40,18.13,19.07,20.66,21.90,23.17,23.90,25.22,26.24,26.71,27.95,28.95,29.24,30.11,30.79,31.78,32.73,33.04,33.34,34.47,34.88,35.29,35.27	4.19,5.80,7.24,8.73,9.90,11.43,13.19,15.19,16.40,18.13,19.07,20.66,21.90,23.17,23.90,25.22,26.24,26.71,27.95,28.95,29.24,30.11,30.79,31.78,32.73,33.04,33.34,34.47,34.88,35.29,35.27	7.58,10.27,12.44,14.54,16.04,18.17,20.64,23.53,25.32,28.06,29.47,32.01,33.63,35.29,36.17,37.88,39.12,39.68,41.24,42.49,42.87,43.96,44.68,45.60,46.37,46.56,46.85,47.94,48.31,47.76,47.45	7.58,10.27,12.44,14.54,16.04,18.17,20.64,23.53,25.32,28.06,29.47,32.01,33.63,35.29,36.17,37.88,39.12,39.68,41.24,42.49,42.87,43.96,44.68,45.60,46.37,46.56,46.85,47.94,48.31,47.76,47.45
35718	151059	run home	633397	netzoid	seclude	26.17	185.0	83526	1035	0	audio.mp3	41688	bg.jpg	12.4174	2	0	2024-09-13T05:48:20	2025-06-27T13:02:29	4249	1035	what're you so afraid of	4.80,7.45,9.87,12.09,14.17,16.24,18.56,20.88,22.71,24.70,26.16,27.99,29.37,30.71,31.52,32.80,33.77,34.38,35.53,36.46,36.75,37.50,38.12,38.89,39.62,40.04,40.27,41.11,41.48,41.98,41.93	4.80,7.45,9.87,12.09,14.17,16.24,18.56,20.88,22.71,24.70,26.16,27.99,29.37,30.71,31.52,32.80,33.77,34.38,35.53,36.46,36.75,37.50,38.12,38.89,39.62,40.04,40.27,41.11,41.48,41.98,41.93	8.64,12.93,16.37,19.20,21.69,24.20,27.08,29.99,32.52,35.48,37.49,40.23,41.80,43.18,43.84,45.13,46.03,46.49,47.60,48.45,48.60,49.23,49.61,50.00,50.24,50.38,50.54,51.18,51.45,49.77,49.40	8.64,12.93,16.37,19.20,21.69,24.20,27.08,29.99,32.52,35.48,37.49,40.23,41.80,43.18,43.84,45.13,46.03,46.49,47.60,48.45,48.60,49.23,49.61,50.00,50.24,50.38,50.54,51.18,51.45,49.77,49.40
30525	131533	Scratch Post	PaperKitty	SyncdeathWyvern	Easy	1.67	195.0	153538	718	14	audio.mp3	2461	bg.jpg	4.9785	2	0	2023-12-31T05:25:42	2024-08-04T13:14:19	5996	746	Arcade Showdown	1.03,1.05,1.07,0.90,0.97,1.10,1.21,1.32,1.40,1.51,1.67,1.87,2.03,2.21,2.40,2.53,2.65,2.89,3.57,4.38,5.18,5.95,6.67,7.42,8.15,8.77,9.41,10.02,10.72,11.53,12.33	1.02,1.03,1.05,0.88,0.95,1.09,1.20,1.31,1.38,1.50,1.66,1.86,2.02,2.20,2.39,2.52,2.64,2.88,3.56,4.36,5.16,5.93,6.65,7.39,8.12,8.73,9.37,9.98,10.68,11.49,12.29	1.75,1.78,1.82,1.53,1.65,1.89,2.10,2.29,2.42,2.64,2.92,3.28,3.56,3.87,4.21,4.44,4.65,5.07,6.25,7.64,9.00,10.27,11.46,12.65,13.81,14.82,15.85,16.85,17.98,19.25,20.56	1.75,1.78,1.82,1.53,1.65,1.90,2.10,2.29,2.42,2.63,2.90,3.25,3.52,3.82,4.14,4.35,4.56,4.96,6.13,7.52,8.88,10.14,11.32,12.53,13.71,14.72,15.74,16.73,17.87,19.15,20.44
30525	131534	Scratch Post	PaperKitty	SyncdeathWyvern	Normal	7.33	195.0	153538	1045	91	audio.mp3	2461	bg.jpg	8.1885	2	0	2023-12-31T05:25:42	2024-08-04T13:14:19	15372	1227	Arcade Showdown	0.94,0.94,0.95,0.95,1.51,2.61,3.52,4.46,5.27,6.14,7.32,8.76,9.87,11.19,12.35,13.39,14.26,15.26,16.23,17.58,18.79,19.94,20.70,22.15,23.19,23.72,24.88,25.50,26.36,27.32,27.63	0.87,0.87,0.88,0.88,1.47,2.53,3.43,4.36,5.15,6.01,7.18,8.62,9.73,11.05,12.22,13.28,14.16,15.16,16.14,17.51,18.71,19.87,20.62,22.07,23.11,23.63,24.77,25.38,26.23,27.19,27.52	1.51,1.53,1.56,1.56,2.60,4.43,6.01,7.63,9.01,10.52,12.59,15.04,17.01,19.24,21.23,23.03,24.63,26.31,27.92,30.25,32.05,33.53,34.43,36.26,37.37,38.03,39.05,40.06,41.04,42.10,42.52	1.50,1.50,1.51,1.50,2.54,4.40,5.99,7.63,9.02,10.51,12.50,14.92,16.81,19.03,20.98,22.76,24.26,25.92,27.61,30.00,31.83,33.37,34.33,36.18,37.42,37.98,39.24,40.11,41.03,42.39,42.33
30525	131536	Scratch Post	PaperKitty	SyncdeathWyvern	Hard	13.64	195.0	153538	1352	129	audio.mp3	2461	bg.jpg	10.7444	2	0	2023-12-31T05:25:42	2024-08-04T13:14:19	22105	1610	Arcade Showdown	1.62,2.22,2.79,3.29,4.43,6.18,7.73,9.27,10.61,11.97,13.65,15.48,16.86,18.47,19.76,20.97,22.29,23.26,24.31,25.59,26.79,27.75,28.41,29.73,30.70,31.31,32.18,32.74,33.66,34.45,34.85	1.57,2.17,2.75,3.24,4.37,6.07,7.58,9.08,10.38,11.72,13.36,15.18,16.61,18.24,19.55,20.77,22.11,23.09,24.15,25.42,26.64,27.60,28.27,29.60,30.54,31.15,32.04,32.57,33.47,34.28,34.67	2.77,3.78,4.59,5.21,6.86,9.45,11.73,14.08,16.17,18.35,21.01,23.91,26.16,28.56,30.63,32.60,34.62,36.15,37.98,40.00,41.82,42.80,43.45,44.76,45.72,46.44,46.78,47.33,48.15,48.95,49.03	2.71,3.60,4.33,4.89,6.55,9.21,11.57,13.99,16.13,18.34,21.01,23.76,25.98,28.48,30.57,32.51,34.66,36.10,37.92,39.98,41.84,42.88,43.57,44.85,45.84,46.24,47.03,47.31,48.14,48.93,49.05
30525	131537	Scratch Post	PaperKitty	SyncdeathWyvern	Insane	23.67	195.0	153538	1811	98	audio.mp3	2461	bg.jpg	13.3938	2	0	2023-12-31T05:25:42	2024-08-04T13:14:19	13273	2007	Arcade Showdown	5.33,7.35,9.34,10.85,12.60,15.03,16.86,18.99,20.58,22.39,23.68,25.77,26.56,28.24,29.64,30.63,31.58,32.64,32.95,34.28,35.30,36.08,36.00,37.70,38.38,38.22,39.10,39.51,40.44,41.13,40.94	5.31,7.33,9.32,10.83,12.56,14.98,16.79,18.90,20.47,22.27,23.53,25.61,26.45,28.14,29.53,30.54,31.49,32.56,32.87,34.21,35.24,36.02,35.95,37.66,38.34,38.18,39.04,39.45,40.37,41.05,40.86	9.36,12.39,15.12,16.93,19.04,22.26,24.47,27.45,29.76,32.48,34.30,37.07,37.90,39.93,41.45,42.56,43.64,44.73,45.07,46.77,47.69,48.27,47.96,49.04,49.74,49.82,50.21,48.85,49.68,50.21,50.00	9.35,12.35,15.05,16.83,18.98,22.25,24.53,27.56,29.90,32.65,34.54,37.36,38.07,40.10,41.74,42.83,43.96,45.03,45.41,47.14,48.04,48.63,48.36,49.43,50.18,50.23,50.71,49.09,49.83,50.46,50.12
30525	131535	Scratch Post	PaperKitty	SyncdeathWyvern	Csikos Impromptu	29.8	195.0	153538	2414	95	audio.mp3	2461	bg.jpg	17.378	2	0	2023-12-31T05:25:42	2024-08-04T13:14:19	6168	2604	Arcade Showdown	6.79,10.02,13.04,15.55,17.98,20.67,22.64,25.00,26.73,28.43,29.81,31.71,32.71,34.23,35.40,36.47,37.60,38.51,39.00,40.13,41.02,41.77,41.92,43.18,44.05,44.03,44.72,45.05,45.85,46.38,46.53	6.76,9.98,13.01,15.51,17.96,20.65,22.61,24.95,26.67,28.38,29.73,31.63,32.62,34.12,35.28,36.34,37.48,38.37,38.86,39.98,40.88,41.61,41.75,43.02,43.89,43.85,44.53,44.87,45.64,46.17,46.34	11.53,16.16,20.00,22.74,25.22,28.21,30.05,32.91,35.17,37.60,39.32,41.54,42.46,44.11,45.39,46.48,47.71,48.51,49.09,50.43,51.05,51.38,51.26,51.81,52.45,52.40,52.44,50.13,50.66,50.92,50.78	11.57,16.16,19.98,22.70,25.27,28.25,30.10,33.00,35.29,37.70,39.44,41.75,42.67,44.30,45.56,46.70,47.96,48.74,49.31,50.72,51.33,51.69,51.56,52.06,52.69,52.77,52.73,50.24,50.76,51.05,50.89
3336	26588	Six Trillion Years and Overnight Story	Roselia	PianoLuigi	Beginner	0.69	186.0	96157	216	12	audio.mp3	52385	bg.jpg	3.2349	2	0	2020-09-15T21:52:15	2021-01-28T17:43:50	15785	240	BanG Dream! Girls Band Party!	0.58,0.59,0.60,0.61,0.62,0.63,0.64,0.65,0.67,0.68,0.69,0.71,0.72,0.74,0.75,0.77,0.79,0.81,0.83,1.17,1.54,1.89,2.23,2.56,2.89,3.18,3.49,3.61,3.85,4.08,4.29	0.55,0.56,0.57,0.58,0.59,0.60,0.61,0.62,0.64,0.65,0.66,0.67,0.69,0.71,0.72,0.74,0.76,0.78,0.80,1.15,1.51,1.86,2.20,2.53,2.85,3.15,3.46,3.58,3.83,4.05,4.26	0.95,0.97,0.98,1.00,1.02,1.03,1.05,1.07,1.09,1.12,1.14,1.16,1.18,1.22,1.24,1.26,1.30,1.33,1.37,1.99,2.64,3.28,3.91,4.52,5.12,5.68,6.24,6.51,6.97,7.40,7.80	0.95,0.96,0.98,0.99,1.01,1.02,1.04,1.06,1.08,1.10,1.12,1.15,1.17,1.20,1.23,1.25,1.28,1.32,1.35,1.99,2.64,3.28,3.90,4.50,5.09,5.63,6.18,6.45,6.90,7.32,7.71
3336	25947	Six Trillion Years and Overnight Story	Roselia	PianoLuigi	Easy	2.36	186.0	96157	374	2	audio.mp3	52385	bg.jpg	4.448	2	1	2020-09-15T21:52:15	2021-01-28T17:43:50	36249	378	BanG Dream! Girls Band Party!	0.84,0.94,1.05,1.12,1.20,1.41,1.62,1.84,2.02,2.19,2.36,2.57,2.98,3.36,3.74,4.08,4.40,4.71,4.99,5.63,6.33,7.04,7.75,8.43,9.10,9.71,10.31,10.85,11.39,11.89,12.52	0.84,0.94,1.05,1.12,1.20,1.41,1.62,1.84,2.02,2.19,2.36,2.57,2.97,3.36,3.73,4.08,4.40,4.71,4.99,5.62,6.33,7.04,7.75,8.43,9.10,9.71,10.30,10.85,11.39,11.89,12.51	1.48,1.62,1.76,1.84,1.94,2.26,2.59,2.92,3.23,3.52,3.81,4.40,4.80,5.41,6.00,6.54,7.05,7.53,7.98,9.07,10.28,11.51,12.66,13.71,14.71,15.61,16.50,17.27,18.07,18.78,19.67	1.48,1.62,1.77,1.84,1.94,2.26,2.59,2.92,3.23,3.52,3.81,4.40,4.80,5.41,6.00,6.54,7.05,7.53,7.97,9.06,10.27,11.49,12.63,13.67,14.67,15.56,16.44,17.22,18.01,18.71,19.59
3336	25946	Six Trillion Years and Overnight Story	Roselia	PianoLuigi	Normal	4.88	186.0	96157	565	2	audio.mp3	52385	bg.jpg	6.3121	2	1	2020-09-15T21:52:15	2021-01-28T17:43:50	82699	569	BanG Dream! Girls Band Party!	0.88,0.96,1.06,1.12,1.19,1.83,2.50,3.16,3.73,4.27,4.87,5.85,6.83,7.73,8.66,9.43,10.19,10.91,11.51,12.40,13.37,14.37,15.37,16.31,17.27,18.06,18.93,19.64,20.43,21.09,21.82	0.87,0.96,1.06,1.12,1.19,1.83,2.50,3.15,3.72,4.27,4.87,5.84,6.83,7.73,8.66,9.43,10.19,10.90,11.51,12.40,13.37,14.37,15.37,16.31,17.27,18.06,18.92,19.64,20.43,21.09,21.81	1.52,1.65,1.80,1.87,1.95,3.07,4.25,5.39,6.42,7.40,8.47,10.10,11.75,13.25,14.83,16.13,17.39,18.57,19.59,21.09,22.71,24.38,25.91,27.26,28.58,29.64,30.82,31.75,32.79,33.67,34.55	1.52,1.64,1.77,1.82,1.90,3.03,4.22,5.37,6.40,7.38,8.45,10.09,11.74,13.25,14.82,16.14,17.40,18.59,19.61,21.12,22.75,24.44,25.98,27.34,28.66,29.73,30.92,31.86,32.91,33.78,34.67
3336	25936	Six Trillion Years and Overnight Story	Roselia	PianoLuigi	Hard	12.21	186.0	96157	812	5	audio.mp3	52385	bg.jpg	8.7583	2	0	2020-09-15T21:52:15	2021-01-28T17:43:50	128688	822	BanG Dream! Girls Band Party!	2.33,3.00,3.66,4.25,4.76,6.02,7.42,8.75,9.96,11.05,12.21,13.73,15.32,16.86,18.34,19.70,20.99,22.15,23.18,24.27,25.29,26.28,27.20,28.07,28.89,29.43,30.27,30.80,31.37,32.09,32.90	2.33,3.00,3.66,4.24,4.76,6.02,7.42,8.75,9.96,11.04,12.20,13.73,15.32,16.86,18.34,19.70,20.99,22.14,23.17,24.27,25.28,26.27,27.19,28.06,28.88,29.42,30.25,30.79,31.36,32.08,32.88	4.28,5.38,6.38,7.20,7.87,9.88,12.12,14.22,16.24,18.07,19.99,22.55,25.01,27.45,29.68,31.81,33.82,35.65,37.20,38.88,40.41,41.92,43.05,43.91,44.64,44.94,45.93,46.19,46.79,46.49,46.78	4.28,5.39,6.38,7.21,7.88,9.88,12.13,14.24,16.26,18.09,20.01,22.58,25.03,27.48,29.71,31.82,33.85,35.66,37.20,38.89,40.41,41.91,43.05,43.90,44.64,44.96,45.92,46.23,46.82,46.48,46.80
3336	25935	Six Trillion Years and Overnight Story	Roselia	PianoLuigi	Insane	22.31	186.0	96157	1114	18	audio.mp3	52385	bg.jpg	12.2531	2	0	2020-09-15T21:52:15	2021-01-28T17:43:50	67638	1150	BanG Dream! Girls Band Party!	3.67,5.75,7.75,9.53,11.07,13.16,15.30,17.29,19.06,20.70,22.31,23.93,25.59,27.06,28.52,29.76,30.97,32.07,32.97,33.91,34.77,35.61,36.37,37.06,37.54,38.04,38.64,39.10,39.59,40.03,40.83	3.66,5.75,7.74,9.53,11.06,13.15,15.29,17.28,19.04,20.68,22.29,23.89,25.55,27.03,28.48,29.72,30.92,32.01,32.91,33.84,34.70,35.53,36.29,37.00,37.50,37.98,38.57,39.04,39.54,39.95,40.77	6.54,9.84,12.54,14.70,16.35,18.91,21.57,23.93,26.51,28.92,31.26,33.79,35.99,37.99,39.82,41.57,43.18,44.71,45.71,47.09,47.96,48.88,49.40,49.83,49.77,49.91,50.21,50.33,50.49,48.60,48.70	6.51,9.76,12.43,14.56,16.19,18.73,21.38,23.77,26.32,28.74,31.06,33.56,35.74,37.73,39.54,41.23,42.85,44.33,45.45,46.68,47.71,48.62,49.18,49.59,49.58,49.68,50.00,50.17,50.36,48.45,48.55
42227	173717	Surrounding	Saiden	Storn	Easy	2.31	173.0	92510	264	0	audio.mp3	0	bg.jpg	3.9646	2	0	2025-09-05T17:00:44	2025-10-19T19:49:53	1900	264		0.62,0.64,0.65,0.66,0.67,0.68,1.02,1.38,1.72,2.03,2.31,2.58,2.84,3.14,3.43,3.71,3.97,4.22,4.45,4.67,4.87,5.19,5.43,5.82,6.23,6.64,7.05,7.42,7.78,8.15,8.46	0.62,0.64,0.65,0.66,0.67,0.68,1.02,1.38,1.72,2.03,2.31,2.58,2.84,3.14,3.43,3.71,3.97,4.22,4.45,4.67,4.87,5.19,5.43,5.82,6.23,6.64,7.05,7.42,7.78,8.15,8.46	1.06,1.08,1.10,1.11,1.14,1.15,1.78,2.43,3.04,3.62,4.14,4.61,5.07,5.61,6.10,6.57,7.02,7.45,7.83,8.21,8.55,9.10,9.54,10.22,10.91,11.57,12.21,12.80,13.38,13.95,14.43	1.06,1.08,1.10,1.11,1.14,1.15,1.78,2.43,3.04,3.62,4.14,4.61,5.07,5.61,6.10,6.57,7.02,7.45,7.83,8.21,8.55,9.10,9.54,10.22,10.91,11.57,12.21,12.80,13.38,13.95,14.43
42227	173718	Surrounding	Saiden	Storn	Normal	7.58	173.0	92510	448	0	audio.mp3	0	bg.jpg	5.7284	2	0	2025-09-05T17:00:44	2025-10-19T19:49:53	3811	448		1.00,1.07,1.57,2.15,2.68,3.18,4.11,5.08,6.00,6.81,7.58,8.24,8.88,9.62,10.31,10.96,11.56,12.13,12.63,13.13,13.58,14.27,15.03,15.84,16.62,17.36,18.10,18.79,19.43,20.07,20.66	1.00,1.07,1.57,2.15,2.68,3.18,4.11,5.08,6.00,6.81,7.58,8.24,8.88,9.62,10.31,10.96,11.56,12.13,12.63,13.13,13.58,14.27,15.03,15.84,16.62,17.36,18.10,18.79,19.43,20.07,20.66	1.69,1.81,2.75,3.19,3.73,4.16,5.37,6.61,7.78,8.91,10.03,11.05,12.05,13.23,14.30,15.32,16.26,17.16,17.96,18.73,19.46,20.56,21.83,23.14,24.42,25.50,26.58,27.58,28.50,29.43,30.24	1.69,1.81,2.75,3.19,3.73,4.16,5.37,6.61,7.78,8.91,10.03,11.05,12.05,13.23,14.30,15.32,16.26,17.16,17.96,18.73,19.46,20.56,21.83,23.14,24.42,25.50,26.58,27.58,28.50,29.43,30.24
42227	173713	Surrounding	Saiden	Storn	Advanced	9.46	173.0	92510	653	0	audio.mp3	0	bg.jpg	7.3836	2	0	2025-09-05T17:00:44	2025-10-19T19:49:53	5084	653		1.20,1.36,1.99,2.62,3.19,3.70,4.89,6.17,7.36,8.48,9.46,10.34,11.60,12.92,14.21,15.45,16.54,17.56,18.55,19.49,20.28,21.19,22.11,23.01,23.85,24.68,25.42,26.19,26.90,27.53,28.15	1.20,1.36,1.99,2.62,3.19,3.70,4.89,6.17,7.36,8.48,9.46,10.34,11.60,12.92,14.21,15.45,16.54,17.56,18.55,19.49,20.28,21.19,22.11,23.01,23.85,24.68,25.42,26.19,26.90,27.53,28.15	2.12,2.37,3.29,4.07,4.70,5.21,6.90,8.78,10.52,12.20,13.79,15.19,17.22,19.45,21.50,23.48,25.27,26.91,28.50,29.97,31.26,32.73,34.24,35.71,37.01,37.98,38.75,39.63,40.36,41.01,41.64	2.12,2.37,3.29,4.07,4.70,5.21,6.90,8.78,10.52,12.20,13.79,15.19,17.22,19.45,21.50,23.48,25.27,26.91,28.50,29.97,31.26,32.73,34.24,35.71,37.01,37.98,38.75,39.63,40.36,41.01,41.64
42227	173714	Surrounding	Saiden	Storn	Hard	18.04	173.0	92510	866	0	audio.mp3	0	bg.jpg	9.7921	2	0	2025-09-05T17:00:44	2025-10-19T19:49:53	6201	866		3.96,5.05,6.22,7.38,8.43,9.23,10.91,12.93,14.85,16.56,18.04,19.61,21.00,22.24,23.48,24.83,25.96,26.88,27.89,28.59,29.25,30.01,30.71,31.39,31.87,32.54,33.02,33.37,34.04,34.38,34.57	3.96,5.05,6.22,7.38,8.43,9.23,10.91,12.93,14.85,16.56,18.04,19.61,21.00,22.24,23.48,24.83,25.96,26.88,27.89,28.59,29.25,30.01,30.71,31.39,31.87,32.54,33.02,33.37,34.04,34.38,34.57	6.76,8.60,10.48,12.25,13.75,14.81,17.34,20.41,23.35,25.97,28.40,30.84,33.05,34.77,36.05,37.54,38.72,39.58,40.56,41.07,41.62,42.24,42.80,43.37,43.70,43.89,43.74,43.72,44.02,44.31,44.42	6.76,8.60,10.48,12.25,13.75,14.81,17.34,20.41,23.35,25.97,28.40,30.84,33.05,34.77,36.05,37.54,38.72,39.58,40.56,41.07,41.62,42.24,42.80,43.37,43.70,43.89,43.74,43.72,44.02,44.31,44.42
42227	173715	Surrounding	Saiden	Storn	Insane	23.24	173.0	92510	947	14	audio.mp3	0	bg.jpg	11.0245	2	0	2025-09-05T17:00:44	2025-10-19T19:49:53	2965	975		5.55,7.12,9.11,10.99,12.63,14.07,15.92,18.00,19.97,21.71,23.24,24.77,26.21,27.49,28.72,30.07,31.14,32.04,32.86,33.61,34.22,34.92,35.59,36.23,36.72,37.35,37.68,38.17,38.60,38.95,39.18	5.52,7.07,9.06,10.94,12.58,14.03,15.89,17.98,19.97,21.71,23.24,24.77,26.21,27.49,28.72,30.07,31.14,32.04,32.86,33.61,34.22,34.92,35.59,36.23,36.72,37.35,37.68,38.17,38.60,38.95,39.18	9.13,11.74,14.81,17.38,19.45,21.13,23.54,26.25,28.84,31.32,33.60,35.85,37.99,39.74,41.10,42.42,43.61,44.46,45.23,45.79,46.39,46.98,47.60,48.11,48.41,48.64,48.39,48.52,48.98,48.96,49.05	9.18,11.81,14.89,17.51,19.60,21.30,23.74,26.49,29.10,31.59,33.90,36.15,38.30,40.07,41.43,42.80,43.95,44.80,45.56,46.10,46.70,47.29,47.89,48.39,48.70,48.93,48.72,48.79,49.23,49.29,49.32
42227	173716	Surrounding	Saiden	Storn	Expert	28.13	173.0	92510	1141	28	audio.mp3	0	bg.jpg	13.5348	2	0	2025-09-05T17:00:44	2025-10-19T19:49:53	1430	1197		7.15,9.34,12.06,14.56,16.75,18.70,20.73,22.87,24.82,26.60,28.13,29.66,31.02,32.24,33.39,34.60,35.50,36.25,37.04,37.69,38.19,38.80,39.37,39.91,40.38,40.87,41.23,41.56,42.04,42.29,42.39	7.09,9.25,11.96,14.46,16.66,18.63,20.68,22.84,24.80,26.60,28.13,29.66,31.02,32.24,33.39,34.60,35.50,36.25,37.04,37.69,38.19,38.80,39.37,39.91,40.38,40.87,41.23,41.56,42.04,42.29,42.39	11.37,14.96,18.86,21.90,24.31,26.27,28.39,30.59,32.62,34.81,36.90,39.03,40.87,42.40,43.51,44.48,45.31,45.87,46.46,46.90,47.21,47.63,48.04,48.33,48.53,48.59,48.48,48.32,48.75,48.82,48.75	11.37,14.97,18.87,21.93,24.37,26.30,28.45,30.69,32.70,34.90,36.96,39.10,40.96,42.46,43.55,44.55,45.36,45.89,46.48,46.89,47.18,47.58,47.98,48.28,48.48,48.50,48.40,48.23,48.67,48.70,48.65
45448	184441	Temptation (feat. Rebecca) (Sped Up & Cut Ver.)	Arash	7xbi	Beginner | *.+ .zZ ~	0.58	126.0	114660	230	0	audio.mp3	0	bg.jpg	2.0125	2	0	2026-03-27T08:27:55	2026-05-11T11:13:10	598	230		0.49,0.50,0.50,0.51,0.52,0.53,0.54,0.55,0.56,0.57,0.58,0.59,0.60,0.62,0.63,0.65,0.66,0.68,0.69,0.71,0.73,0.76,0.77,0.79,0.82,0.84,0.88,0.91,0.95,0.98,0.84	0.49,0.50,0.50,0.51,0.52,0.53,0.54,0.55,0.56,0.57,0.58,0.59,0.60,0.62,0.63,0.65,0.66,0.68,0.69,0.71,0.73,0.76,0.77,0.79,0.82,0.84,0.88,0.91,0.95,0.98,0.84	0.80,0.81,0.83,0.84,0.85,0.86,0.88,0.89,0.91,0.93,0.94,0.97,0.98,1.01,1.03,1.05,1.08,1.11,1.13,1.16,1.19,1.24,1.25,1.29,1.34,1.37,1.44,1.48,1.55,1.60,1.65	0.80,0.81,0.83,0.84,0.85,0.86,0.88,0.89,0.91,0.93,0.94,0.97,0.98,1.01,1.03,1.05,1.08,1.11,1.13,1.16,1.19,1.24,1.25,1.29,1.34,1.37,1.44,1.48,1.55,1.60,1.65
45448	184439	Temptation (feat. Rebecca) (Sped Up & Cut Ver.)	Arash	7xbi	Easy | *.+ Heart~	1.99	126.0	114660	610	0	audio.mp3	0	bg.jpg	5.3375	2	0	2026-03-27T08:27:55	2026-05-11T11:13:10	792	610		0.86,0.97,1.17,1.33,1.45,1.59,1.67,1.77,1.88,1.96,1.99,2.21,2.73,3.30,3.88,4.40,4.89,5.40,5.71,6.26,6.93,7.58,8.33,9.26,10.10,10.93,11.91,12.53,13.43,14.10,14.65	0.86,0.97,1.17,1.33,1.45,1.59,1.67,1.77,1.88,1.96,1.99,2.21,2.73,3.30,3.88,4.40,4.89,5.40,5.71,6.26,6.93,7.58,8.33,9.26,10.10,10.93,11.91,12.53,13.43,14.10,14.65	1.46,1.68,2.03,2.31,2.52,2.78,2.93,3.10,3.30,3.44,3.52,3.89,4.83,5.85,6.87,7.80,8.67,9.57,10.14,11.09,12.24,13.35,14.60,16.13,17.52,18.87,20.48,21.51,22.97,24.07,24.97	1.46,1.68,2.03,2.31,2.52,2.78,2.93,3.10,3.30,3.44,3.52,3.89,4.83,5.85,6.87,7.80,8.67,9.57,10.14,11.09,12.24,13.35,14.60,16.13,17.52,18.87,20.48,21.51,22.97,24.07,24.97
45448	184442	Temptation (feat. Rebecca) (Sped Up & Cut Ver.)	Arash	7xbi	Normal | *.+ Burning~	4.14	126.0	114660	699	0	audio.mp3	0	bg.jpg	6.1163	2	0	2026-03-27T08:27:55	2026-05-11T11:13:10	1360	699		0.85,1.16,1.64,2.04,2.39,2.78,3.07,3.38,3.70,3.96,4.14,4.54,5.27,6.17,7.04,7.87,8.63,9.42,10.03,10.84,11.81,12.61,13.44,14.42,15.24,16.06,17.03,17.64,18.61,19.19,19.71	0.85,1.16,1.64,2.04,2.39,2.78,3.07,3.38,3.70,3.96,4.14,4.54,5.27,6.17,7.04,7.87,8.63,9.42,10.03,10.84,11.81,12.61,13.44,14.42,15.24,16.06,17.03,17.64,18.61,19.19,19.71	1.46,2.06,2.95,3.73,4.40,5.13,5.69,6.25,6.81,7.27,7.58,8.24,9.51,11.03,12.48,13.88,15.20,16.50,17.54,18.92,20.50,21.87,23.16,24.68,25.96,27.22,28.70,29.63,31.07,31.99,32.67	1.46,2.06,2.95,3.73,4.40,5.13,5.69,6.25,6.81,7.27,7.58,8.24,9.51,11.03,12.48,13.88,15.20,16.50,17.54,18.92,20.50,21.87,23.16,24.68,25.96,27.22,28.70,29.63,31.07,31.99,32.67
45448	184443	Temptation (feat. Rebecca) (Sped Up & Cut Ver.)	Arash	7xbi	Intermediate | *.+ Falling~	9.28	126.0	114660	801	0	audio.mp3	0	bg.jpg	7.0088	2	0	2026-03-27T08:27:55	2026-05-11T11:13:10	1970	801		0.87,1.31,1.96,2.53,3.01,3.72,4.94,6.15,7.28,8.35,9.28,10.27,11.43,12.64,13.83,14.89,15.83,16.78,17.59,18.43,19.25,20.13,20.99,21.89,22.67,23.37,24.02,24.68,25.53,26.08,26.68	0.87,1.31,1.96,2.53,3.01,3.72,4.94,6.15,7.28,8.35,9.28,10.27,11.43,12.64,13.83,14.89,15.83,16.78,17.59,18.43,19.25,20.13,20.99,21.89,22.67,23.37,24.02,24.68,25.53,26.08,26.68	1.55,2.40,3.65,4.75,5.70,7.00,9.05,10.93,12.57,14.07,15.25,16.54,18.16,19.82,21.50,22.94,24.37,25.85,27.21,28.54,29.82,31.29,32.72,33.83,34.96,36.26,37.10,37.94,39.23,40.14,40.93	1.55,2.40,3.65,4.75,5.70,7.00,9.05,10.93,12.57,14.07,15.25,16.54,18.16,19.82,21.50,22.94,24.37,25.85,27.21,28.54,29.82,31.29,32.72,33.83,34.96,36.26,37.10,37.94,39.23,40.14,40.93
45448	184435	Temptation (feat. Rebecca) (Sped Up & Cut Ver.)	Arash	7xbi	Hard | *.+ Apart~	11.76	126.0	114660	1003	0	audio.mp3	0	bg.jpg	8.7763	2	0	2026-03-27T08:27:55	2026-05-11T11:13:10	3072	1003		1.10,1.82,2.93,3.89,4.65,5.76,6.99,8.33,9.82,11.08,11.76,13.14,14.34,15.76,17.33,18.45,19.65,20.69,21.50,23.18,24.01,24.75,25.24,26.23,26.96,27.76,29.02,29.07,30.59,30.66,30.70	1.10,1.82,2.93,3.89,4.65,5.76,6.99,8.33,9.82,11.08,11.76,13.14,14.34,15.76,17.33,18.45,19.65,20.69,21.50,23.18,24.01,24.75,25.24,26.23,26.96,27.76,29.02,29.07,30.59,30.66,30.70	1.76,3.08,5.13,6.89,8.31,10.27,12.38,14.50,16.78,18.59,19.47,21.47,23.30,25.20,27.48,29.14,30.82,32.45,33.62,36.22,37.48,38.68,39.22,40.16,40.85,42.01,43.26,43.04,44.69,44.62,44.38	1.76,3.08,5.13,6.89,8.31,10.27,12.38,14.50,16.78,18.59,19.47,21.47,23.30,25.20,27.48,29.14,30.82,32.45,33.62,36.22,37.48,38.68,39.22,40.16,40.85,42.01,43.26,43.04,44.69,44.62,44.38
45448	184440	Temptation (feat. Rebecca) (Sped Up & Cut Ver.)	Arash	7xbi	Hyper | *.+ Night~	16.03	126.0	114660	1161	0	audio.mp3	0	bg.jpg	10.1588	2	0	2026-03-27T08:27:55	2026-05-11T11:13:10	4306	1161		2.30,3.31,4.64,5.78,6.80,8.10,9.83,11.60,13.34,14.83,16.03,17.56,18.99,20.69,22.21,23.53,24.71,25.82,26.83,28.19,29.26,29.99,30.71,31.65,32.46,33.22,34.15,34.48,35.49,35.78,36.19	2.30,3.31,4.64,5.78,6.80,8.10,9.83,11.60,13.34,14.83,16.03,17.56,18.99,20.69,22.21,23.53,24.71,25.82,26.83,28.19,29.26,29.99,30.71,31.65,32.46,33.22,34.15,34.48,35.49,35.78,36.19	3.11,4.66,6.84,8.76,10.46,12.63,15.37,17.93,20.28,22.13,23.50,25.33,27.17,29.36,31.04,32.67,34.20,35.81,37.18,39.19,40.71,41.75,42.60,43.89,44.95,45.48,46.60,46.86,47.85,48.22,48.49	3.11,4.66,6.84,8.76,10.46,12.63,15.37,17.93,20.28,22.13,23.50,25.33,27.17,29.36,31.04,32.67,34.20,35.81,37.18,39.19,40.71,41.75,42.60,43.89,44.95,45.48,46.60,46.86,47.85,48.22,48.49
45448	184444	Temptation (feat. Rebecca) (Sped Up & Cut Ver.)	Arash	7xbi	Jindax' Insane | *.+ Calling~	23.96	126.0	114660	1506	0	audio.mp3	0	bg.jpg	13.1776	2	0	2026-03-27T08:27:55	2026-05-11T11:13:10	2522	1506		5.68,7.69,10.02,12.05,13.75,15.54,17.47,19.28,21.12,22.68,23.96,25.48,26.83,28.05,29.46,30.70,31.74,32.87,33.71,34.81,35.74,36.57,37.20,38.06,38.74,39.48,40.20,40.68,41.52,41.80,42.08	5.68,7.69,10.02,12.05,13.75,15.54,17.47,19.28,21.12,22.68,23.96,25.48,26.83,28.05,29.46,30.70,31.74,32.87,33.71,34.81,35.74,36.57,37.20,38.06,38.74,39.48,40.20,40.68,41.52,41.80,42.08	7.39,10.22,13.68,16.77,19.24,22.10,24.79,27.08,29.31,31.18,32.45,33.88,35.34,36.58,38.16,39.36,40.56,41.89,43.11,44.51,46.25,46.92,47.48,48.12,48.64,49.25,50.10,50.15,51.23,51.07,51.54	7.39,10.22,13.68,16.77,19.24,22.10,24.79,27.08,29.31,31.18,32.45,33.88,35.34,36.58,38.16,39.36,40.56,41.89,43.11,44.51,46.25,46.92,47.48,48.12,48.64,49.25,50.10,50.15,51.23,51.07,51.54
45448	184438	Temptation (feat. Rebecca) (Sped Up & Cut Ver.)	Arash	7xbi	Another | *.+ Love~	27.03	126.0	114660	1540	0	audio.mp3	0	bg.jpg	13.4751	2	0	2026-03-27T08:27:55	2026-05-11T11:13:10	1950	1540		8.84,11.35,13.71,15.81,17.63,19.38,21.24,22.92,24.42,25.75,27.03,28.26,29.45,30.82,32.06,33.27,34.33,35.34,36.33,37.24,38.16,38.90,39.75,40.51,41.25,41.89,42.51,43.02,43.75,43.92,44.40	8.84,11.35,13.71,15.81,17.63,19.38,21.24,22.92,24.42,25.75,27.03,28.26,29.45,30.82,32.06,33.27,34.33,35.34,36.33,37.24,38.16,38.90,39.75,40.51,41.25,41.89,42.51,43.02,43.75,43.92,44.40	11.12,14.37,17.53,20.42,22.73,25.38,27.78,29.99,31.61,33.51,34.89,36.11,37.50,39.29,40.80,42.13,43.38,44.74,46.06,47.34,48.92,49.63,50.32,51.36,52.15,52.37,52.65,53.17,54.04,53.72,54.35	11.12,14.37,17.53,20.42,22.73,25.38,27.78,29.99,31.61,33.51,34.89,36.11,37.50,39.29,40.80,42.13,43.38,44.74,46.06,47.34,48.92,49.63,50.32,51.36,52.15,52.37,52.65,53.17,54.04,53.72,54.35
45448	184437	Temptation (feat. Rebecca) (Sped Up & Cut Ver.)	Arash	7xbi	Expert | *.+ Devotion~	30.44	126.0	114660	1822	0	audio.mp3	0	bg.jpg	15.9426	2	0	2026-03-27T08:27:55	2026-05-11T11:13:10	1559	1822		9.61,12.40,15.16,17.61,19.67,21.70,23.76,25.66,27.40,29.00,30.44,31.75,33.00,34.32,35.43,36.55,37.58,38.51,39.43,40.30,41.16,41.83,42.58,43.31,43.97,44.53,45.10,45.49,46.15,46.23,46.67	9.61,12.40,15.16,17.61,19.67,21.70,23.76,25.66,27.40,29.00,30.44,31.75,33.00,34.32,35.43,36.55,37.58,38.51,39.43,40.30,41.16,41.83,42.58,43.31,43.97,44.53,45.10,45.49,46.15,46.23,46.67	11.39,14.83,18.34,21.52,24.25,26.96,29.58,31.92,33.87,35.58,37.19,38.42,39.71,41.00,42.10,43.14,44.22,45.36,46.46,47.57,48.55,49.42,50.07,50.69,51.11,51.41,51.76,52.02,52.38,52.25,52.63	11.39,14.83,18.34,21.52,24.25,26.96,29.58,31.92,33.87,35.58,37.19,38.42,39.71,41.00,42.10,43.14,44.22,45.36,46.46,47.57,48.55,49.42,50.07,50.69,51.11,51.41,51.76,52.02,52.38,52.25,52.63
45448	184436	Temptation (feat. Rebecca) (Sped Up & Cut Ver.)	Arash	7xbi	Jindax' Extra | *.+ Temptation~	35.27	126.0	114660	2135	0	audio.mp3	0	bg.jpg	18.6814	2	1	2026-03-27T08:27:55	2026-05-11T11:13:10	1258	2135		12.02,15.41,18.72,21.55,23.95,26.20,28.36,30.29,32.13,33.79,35.26,36.57,37.84,39.02,40.17,41.15,42.10,42.96,43.78,44.57,45.29,46.04,46.66,47.27,47.85,48.40,48.94,49.29,49.80,49.94,50.32	12.02,15.41,18.72,21.55,23.95,26.20,28.36,30.29,32.13,33.79,35.26,36.57,37.84,39.02,40.17,41.15,42.10,42.96,43.78,44.57,45.29,46.04,46.66,47.27,47.85,48.40,48.94,49.29,49.80,49.94,50.32	13.91,17.93,21.95,25.42,28.44,31.17,33.60,35.54,37.26,38.73,39.84,40.94,41.91,42.86,43.77,44.46,45.35,46.35,47.13,48.10,48.92,49.77,50.29,50.77,51.31,51.79,52.33,52.70,53.09,53.24,53.43	13.91,17.93,21.95,25.42,28.44,31.17,33.60,35.54,37.26,38.73,39.84,40.94,41.91,42.86,43.77,44.46,45.35,46.35,47.13,48.10,48.92,49.77,50.29,50.77,51.31,51.79,52.33,52.70,53.09,53.24,53.43
45411	184328	Til Death (Technoposse Remix Edit) (Nightcore & Cut Ver.)	Digital Sexy	Mio Akiyama	Hard	12.43	166.24	111524	880	0	audio.mp3	48002	bg.jpg	7.968	2	0	2026-03-24T23:42:07	2026-06-24T06:17:51	3340	880		1.75,2.10,2.93,3.94,4.85,5.69,6.63,8.14,9.66,11.16,12.43,13.69,14.84,16.10,17.32,18.53,19.72,20.84,21.85,22.88,23.68,24.54,25.34,26.23,27.04,27.97,28.68,29.31,30.23,30.64,31.14	1.75,2.10,2.93,3.94,4.85,5.69,6.63,8.14,9.66,11.16,12.43,13.69,14.84,16.10,17.32,18.53,19.72,20.84,21.85,22.88,23.68,24.54,25.34,26.23,27.04,27.97,28.68,29.31,30.23,30.64,31.14	3.15,3.79,5.18,6.67,7.88,8.87,10.04,12.22,14.42,16.53,18.49,20.46,22.33,24.30,26.16,27.99,29.70,31.32,32.80,34.19,35.40,36.70,37.85,39.15,40.33,41.47,42.30,42.92,43.77,44.23,45.20	3.15,3.79,5.18,6.67,7.88,8.87,10.04,12.22,14.42,16.53,18.49,20.46,22.33,24.30,26.16,27.99,29.70,31.32,32.80,34.19,35.40,36.70,37.85,39.15,40.33,41.47,42.30,42.92,43.77,44.23,45.20
45411	184327	Til Death (Technoposse Remix Edit) (Nightcore & Cut Ver.)	Digital Sexy	Mio Akiyama	Forever	17.98	166.24	111524	1094	0	audio.mp3	48002	bg.jpg	9.9057	2	0	2026-03-24T23:42:07	2026-06-24T06:17:51	3016	1094		2.54,3.22,4.86,6.59,8.13,9.53,10.96,12.84,14.70,16.45,17.98,19.50,20.84,22.25,23.58,24.89,26.19,27.39,28.45,29.59,30.42,31.30,32.08,32.86,33.60,34.46,35.03,35.67,36.36,36.88,37.33	2.54,3.22,4.86,6.59,8.13,9.53,10.96,12.84,14.70,16.45,17.98,19.50,20.84,22.25,23.58,24.89,26.19,27.39,28.45,29.59,30.42,31.30,32.08,32.86,33.60,34.46,35.03,35.67,36.36,36.88,37.33	4.50,5.70,8.38,10.84,12.81,14.44,16.10,18.59,21.00,23.25,25.46,27.72,29.79,31.89,33.79,35.63,37.32,38.91,40.32,41.77,42.89,44.13,45.12,46.15,47.14,48.06,48.51,48.53,49.00,49.11,49.76	4.50,5.70,8.38,10.84,12.81,14.44,16.10,18.59,21.00,23.25,25.46,27.72,29.79,31.89,33.79,35.63,37.32,38.91,40.32,41.77,42.89,44.13,45.12,46.15,47.14,48.06,48.51,48.53,49.00,49.11,49.76
39702	165868	Wildfire	HammerFall	Storn	Easy	2.12	140.0	78703	323	0	audio.mp3	1	bg.jpg	4.1072	2	1	2025-04-13T06:39:28	2025-06-19T18:54:14	3176	323	(r)evolution	0.87,0.89,0.90,0.92,1.00,1.14,1.28,1.40,1.51,1.58,2.12,2.64,3.12,3.58,4.00,4.38,4.73,5.13,5.57,6.07,6.55,7.00,7.44,7.85,8.27,8.67,9.10,9.49,9.98,10.51,11.03	0.87,0.89,0.90,0.92,1.00,1.14,1.28,1.40,1.51,1.58,2.12,2.64,3.12,3.58,4.00,4.38,4.73,5.13,5.57,6.07,6.55,7.00,7.44,7.85,8.27,8.67,9.10,9.49,9.98,10.51,11.03	1.52,1.54,1.57,1.59,1.72,1.92,2.10,2.25,2.37,2.66,3.34,4.18,4.97,5.71,6.41,7.07,7.67,8.33,9.08,9.91,10.71,11.46,12.20,12.88,13.57,14.25,14.97,15.62,16.45,17.35,18.24	1.52,1.54,1.57,1.59,1.72,1.92,2.10,2.25,2.37,2.66,3.34,4.18,4.97,5.71,6.41,7.07,7.67,8.33,9.08,9.91,10.71,11.46,12.20,12.88,13.57,14.25,14.97,15.62,16.45,17.35,18.24
39702	165871	Wildfire	HammerFall	Storn	Normal	8.27	140.0	81275	516	0	audio.mp3	1	bg.jpg	6.3536	2	0	2025-04-13T06:39:28	2025-06-19T18:54:14	5700	516	(r)evolution	1.09,1.40,1.66,1.87,2.57,3.60,4.59,5.55,6.39,7.24,8.28,9.49,10.57,11.57,12.56,13.41,14.17,14.87,15.62,16.51,17.33,18.14,18.82,19.65,20.31,21.08,21.77,22.28,22.93,23.46,23.91	1.09,1.40,1.66,1.87,2.57,3.60,4.59,5.55,6.39,7.24,8.28,9.49,10.57,11.57,12.56,13.41,14.17,14.87,15.62,16.51,17.33,18.14,18.82,19.65,20.31,21.08,21.77,22.28,22.93,23.46,23.91	1.90,2.43,2.87,3.25,4.40,5.94,7.25,8.40,9.30,10.24,11.48,13.00,14.31,15.51,16.95,18.21,19.31,20.34,21.46,22.69,23.83,24.92,25.92,26.91,27.85,28.89,29.70,30.33,31.12,32.00,32.74	1.90,2.43,2.87,3.25,4.40,5.94,7.25,8.40,9.30,10.24,11.48,13.00,14.31,15.51,16.95,18.21,19.31,20.34,21.46,22.69,23.83,24.92,25.92,26.91,27.85,28.89,29.70,30.33,31.12,32.00,32.74
39702	165870	Wildfire	HammerFall	Storn	Hard	14.19	140.0	81275	771	0	audio.mp3	1	bg.jpg	9.4934	2	0	2025-04-13T06:39:28	2025-06-19T18:54:14	9684	771	(r)evolution	1.74,2.84,3.82,4.65,6.05,7.62,8.93,10.28,11.60,12.85,14.19,15.90,17.46,18.80,20.20,21.11,22.24,23.34,24.39,25.20,26.27,26.76,27.35,28.54,28.97,29.91,30.61,30.75,31.52,31.87,32.14	1.74,2.84,3.82,4.65,6.05,7.62,8.93,10.28,11.60,12.85,14.19,15.90,17.46,18.80,20.20,21.11,22.24,23.34,24.39,25.20,26.27,26.76,27.35,28.54,28.97,29.91,30.61,30.75,31.52,31.87,32.14	3.12,5.14,6.96,8.49,10.93,13.42,15.38,17.28,19.06,20.70,22.53,24.91,27.07,28.77,30.95,32.54,34.12,35.76,37.26,37.91,39.07,39.46,40.21,41.09,41.67,42.30,42.75,42.97,43.61,44.11,44.30	3.12,5.14,6.96,8.49,10.93,13.42,15.38,17.28,19.06,20.70,22.53,24.91,27.07,28.77,30.95,32.54,34.12,35.76,37.26,37.91,39.07,39.46,40.21,41.09,41.67,42.30,42.75,42.97,43.61,44.11,44.30
39702	165869	Wildfire	HammerFall	Storn	Wildfire	20.49	140.0	81275	981	0	audio.mp3	1	bg.jpg	12.0792	2	0	2025-04-13T06:39:28	2025-06-19T18:54:14	6610	981	(r)evolution	3.52,5.10,6.54,7.75,9.81,11.82,13.74,15.50,17.32,18.90,20.49,22.13,23.60,25.04,26.45,27.50,28.62,29.69,30.55,31.29,32.13,32.73,33.09,33.99,34.43,35.09,35.89,35.80,36.47,36.87,37.04	3.52,5.10,6.54,7.75,9.81,11.82,13.74,15.50,17.32,18.90,20.49,22.13,23.60,25.04,26.45,27.50,28.62,29.69,30.55,31.29,32.13,32.73,33.09,33.99,34.43,35.09,35.89,35.80,36.47,36.87,37.04	5.34,7.98,10.40,12.46,15.85,18.83,21.29,23.42,25.50,27.05,28.72,30.46,32.17,33.42,35.43,36.85,38.05,39.43,40.65,41.04,41.81,42.21,42.60,42.97,43.61,43.69,44.18,44.32,44.74,45.12,45.22	5.34,7.98,10.40,12.46,15.85,18.83,21.29,23.42,25.50,27.05,28.72,30.46,32.17,33.42,35.43,36.85,38.05,39.43,40.65,41.04,41.81,42.21,42.60,42.97,43.61,43.69,44.18,44.32,44.74,45.12,45.22
